match_id,venue,match_date,match_type,season,pre_temp_avg,pre_humidity_avg,pre_pressure_avg,pre_wind_speed_avg,pre_cloud_cover_avg,pre_rainfall_total,pre_visibility_avg,start_temp,start_humidity,start_pressure,start_wind_speed,start_cloud_cover,start_rainfall,match_temp_avg,match_humidity_avg,match_rainfall_total,match_cloud_avg,match_wind_avg,pitch_condition,match_outcome,play_possible
1,Bridgetown (Kensington Oval),2016-04-01,Test,summer,24.89,83.85,1004.36,1.62,34.4,3.72,12.43,29.69,80.29,999.05,3.02,20.87,0.0,30.81,75.36,0.0,38.29,2.5,Humid/Swing,Completed,1
2,Cape Town (Newlands),2018-01-31,Test,summer,24.2,59.61,1015.94,3.86,43.44,1.45,15.32,23.52,52.71,1013.06,0.0,55.37,0.0,28.91,51.01,8.16,41.93,2.86,Flat/Batting,Completed,1
3,Delhi (Feroz Shah Kotla),2016-07-25,T20,monsoon,30.9,52.77,1017.85,15.7,54.65,21.42,11.78,34.0,53.66,1021.35,22.17,75.54,0.0,37.73,42.12,15.25,65.09,16.9,Flat/Batting,Abandoned,0
4,Chennai (Chepauk),2022-08-03,T20,monsoon,24.32,73.59,1005.42,11.59,49.34,0.91,14.55,25.94,74.14,1006.58,13.24,42.22,0.0,29.56,66.44,1.66,41.95,8.77,Humid/Swing,Completed,1
5,SCG (Sydney),2015-12-23,T20,summer,21.99,64.91,1026.27,9.91,38.74,10.75,14.15,26.69,54.36,1031.82,9.71,21.72,0.0,28.16,54.39,4.91,38.22,6.29,Wet/Green,Completed,1
6,The Oval (London),2015-05-11,Test,summer,18.02,73.29,1019.28,15.71,46.61,0.0,14.22,19.97,81.75,1016.01,14.04,20.81,0.0,23.44,70.05,4.79,42.2,16.33,Humid/Swing,Completed,1
7,Chennai (Chepauk),2017-06-14,Test,summer,35.64,73.53,1012.54,6.61,20.74,0.0,14.88,37.9,69.51,1014.19,2.94,43.0,0.0,41.72,65.63,16.27,31.41,5.5,Humid/Swing,Rain Interrupted,0
8,SCG (Sydney),2021-10-01,Test,monsoon,16.11,66.1,1015.97,5.67,31.72,2.54,13.94,18.95,61.6,1017.62,4.02,32.68,0.0,21.22,56.32,0.0,48.93,4.19,Humid/Swing,Completed,1
9,SCG (Sydney),2017-03-25,T20,monsoon,20.36,67.93,1018.39,8.96,41.96,0.0,15.79,21.72,62.58,1014.2,16.23,28.16,0.0,25.3,59.06,0.0,40.32,8.81,Humid/Swing,Completed,1
10,Bridgetown (Kensington Oval),2022-11-12,T20,monsoon,21.12,81.81,998.74,10.28,52.47,12.08,11.19,21.81,79.13,997.38,7.8,75.85,0.54,26.47,74.63,38.49,59.68,7.91,Wet/Green,Abandoned,0
11,The Oval (London),2017-06-21,ODI,summer,16.54,75.36,1000.53,53.17,31.75,2.19,12.84,19.19,68.5,1002.12,54.15,37.07,0.0,21.82,72.6,0.81,31.9,50.86,Humid/Swing,Completed,1
12,Karachi (National Stadium),2018-02-13,Test,winter,19.2,70.49,1001.72,9.7,29.23,17.97,12.46,19.45,68.04,998.45,8.03,19.36,0.0,24.27,60.22,0.0,45.48,8.66,Wet/Green,Delayed Start,1
13,Kolkata (Eden Gardens),2022-10-30,ODI,monsoon,26.2,69.94,1001.72,5.05,34.73,0.0,15.2,28.4,69.67,1000.12,0.0,53.72,0.0,31.7,63.97,0.0,38.14,3.71,Humid/Swing,Completed,1
14,Lords (London),2018-02-12,Test,winter,4.42,78.53,1009.78,49.21,67.78,4.6,12.59,6.85,81.04,1010.25,46.92,83.48,0.0,10.0,70.19,24.02,60.87,47.91,Humid/Swing,Rain Interrupted,0
15,Delhi (Feroz Shah Kotla),2023-07-25,ODI,monsoon,25.78,46.77,1031.82,7.81,64.59,0.0,17.36,27.96,44.96,1026.71,3.91,59.0,0.0,31.53,42.64,14.14,59.23,6.41,Flat/Batting,Rain Interrupted,0
16,Chennai (Chepauk),2016-01-15,ODI,winter,26.41,72.69,1023.07,3.52,27.65,0.0,15.03,30.13,66.71,1023.17,4.36,41.63,0.0,32.66,67.24,0.0,43.1,2.13,Humid/Swing,Completed,1
17,Chennai (Chepauk),2019-01-10,ODI,winter,25.69,74.82,1009.84,8.32,40.17,0.0,14.44,28.72,78.03,1009.8,11.86,46.32,0.0,31.42,65.56,0.0,40.2,8.85,Humid/Swing,Completed,1
18,Karachi (National Stadium),2017-12-19,Test,winter,13.94,66.61,1015.28,23.49,44.32,3.34,14.41,16.98,72.88,1017.65,21.24,12.36,0.0,19.59,60.46,0.0,38.05,20.82,Humid/Swing,Completed,1
19,Cape Town (Newlands),2020-02-25,T20,summer,19.15,60.97,1009.68,14.56,33.17,0.0,16.16,23.24,56.67,1010.06,18.74,26.33,0.0,24.47,50.81,0.0,37.72,14.64,Flat/Batting,Completed,1
20,Chennai (Chepauk),2019-03-31,Test,monsoon,21.39,77.33,1015.79,0.59,36.19,11.53,11.38,24.53,69.1,1023.3,4.95,52.75,0.0,27.32,67.11,0.0,42.12,1.83,Wet/Green,Delayed Start,1
21,SCG (Sydney),2018-04-15,T20,monsoon,17.08,67.25,1015.45,1.43,41.33,0.0,15.01,19.44,64.46,1014.36,0.0,35.65,0.0,21.9,57.29,0.0,31.48,1.77,Humid/Swing,Completed,1
22,Karachi (National Stadium),2024-12-05,ODI,winter,16.25,70.63,1035.71,7.83,38.19,0.0,15.12,18.11,76.37,1035.73,7.46,72.44,0.0,22.99,62.24,8.6,41.62,8.18,Humid/Swing,Completed,1
23,Karachi (National Stadium),2017-02-26,T20,winter,22.71,67.4,1008.46,14.71,31.6,0.0,15.0,24.75,62.98,1007.49,17.31,18.74,0.0,27.43,63.08,14.43,40.34,16.12,Humid/Swing,Completed,1
24,Chennai (Chepauk),2015-07-07,T20,monsoon,25.36,75.78,1013.78,4.72,40.04,0.0,14.2,27.6,66.65,1011.73,8.69,17.38,18.04,30.95,63.81,19.26,40.51,8.26,Humid/Swing,Rain Interrupted,0
25,Delhi (Feroz Shah Kotla),2023-09-02,ODI,monsoon,32.7,50.61,1013.68,7.83,48.34,0.0,16.89,36.34,40.11,1012.27,11.96,70.92,0.0,38.14,40.26,0.0,39.39,9.92,Flat/Batting,Completed,1
26,Chennai (Chepauk),2024-08-04,Test,monsoon,29.53,71.52,1023.62,16.92,40.67,0.0,15.18,31.19,63.0,1024.67,20.94,16.4,0.0,34.32,62.32,0.0,31.58,17.87,Humid/Swing,Completed,1
27,Chennai (Chepauk),2019-04-06,ODI,summer,28.52,73.56,1009.18,3.63,29.04,0.0,14.75,32.71,74.31,1009.32,0.95,17.05,0.0,34.24,64.59,14.28,40.71,4.06,Humid/Swing,Completed,1
28,MCG (Melbourne),2022-02-16,ODI,summer,29.46,57.59,1006.75,3.52,36.88,0.0,16.37,32.02,47.19,1009.81,0.0,45.86,0.0,35.47,49.64,0.81,43.28,3.52,Flat/Batting,Completed,1
29,Kolkata (Eden Gardens),2019-02-25,ODI,winter,17.38,71.8,1007.52,5.2,42.47,0.0,14.91,20.55,70.57,1010.2,6.67,21.83,0.0,23.43,64.58,0.0,35.58,5.96,Humid/Swing,Completed,1
30,Delhi (Feroz Shah Kotla),2022-07-08,ODI,monsoon,27.72,49.12,1018.41,57.13,69.64,11.88,12.88,28.92,46.95,1018.86,59.73,75.89,0.05,33.0,39.14,6.78,62.99,58.35,Flat/Batting,Completed,1
31,Cape Town (Newlands),2022-08-31,T20,winter,13.55,58.92,1008.94,2.2,59.06,0.0,16.61,17.31,56.09,1009.63,5.1,64.71,0.0,18.8,52.71,35.48,65.09,2.4,Flat/Batting,Rain Interrupted,0
32,Chennai (Chepauk),2021-10-31,T20,monsoon,29.31,75.83,1016.88,13.42,62.34,5.44,12.37,32.83,73.87,1015.17,11.06,89.11,0.0,34.53,62.68,3.9,63.64,12.41,Humid/Swing,Completed,1
33,Kolkata (Eden Gardens),2020-12-27,T20,winter,17.14,67.91,1012.39,11.09,50.62,0.02,15.58,19.17,73.35,1010.17,4.26,47.83,0.0,22.87,63.2,21.03,31.41,9.24,Humid/Swing,Rain Interrupted,0
34,Delhi (Feroz Shah Kotla),2016-10-31,ODI,monsoon,29.25,51.85,1016.66,8.52,45.99,0.0,17.09,30.5,49.89,1017.39,11.17,41.79,0.0,34.43,42.0,0.0,53.38,10.03,Flat/Batting,Completed,1
35,The Oval (London),2018-01-10,T20,winter,6.36,79.1,1033.53,13.78,60.72,5.55,12.89,8.49,80.37,1032.11,15.98,48.58,0.0,11.5,69.83,10.6,53.86,14.48,Humid/Swing,Delayed Start,1
36,Cape Town (Newlands),2021-03-31,Test,monsoon,18.0,61.61,1010.81,2.56,36.93,10.9,12.71,18.78,51.65,1006.4,3.02,28.37,0.0,23.05,50.8,2.91,32.19,1.86,Flat/Batting,Completed,1
37,Bridgetown (Kensington Oval),2018-08-21,Test,monsoon,24.96,81.86,1006.99,40.62,54.94,12.78,10.45,27.53,80.51,1005.74,37.28,74.91,0.0,30.5,76.62,26.54,62.17,38.35,Wet/Green,Rain Interrupted,0
38,Delhi (Feroz Shah Kotla),2024-03-20,Test,monsoon,32.56,49.72,1016.84,16.62,48.63,8.17,14.03,34.59,40.22,1013.06,17.42,78.08,0.0,37.56,42.09,6.83,48.93,19.39,Flat/Batting,Delayed Start,1
39,Lords (London),2019-07-02,ODI,monsoon,13.82,82.16,1015.59,40.9,39.38,0.0,13.65,16.59,77.4,1017.45,40.64,69.06,0.0,19.41,69.67,0.0,48.87,40.32,Humid/Swing,Completed,1
40,Chennai (Chepauk),2017-05-14,T20,summer,29.79,72.27,1021.39,44.07,29.64,4.66,13.34,31.63,74.35,1020.2,44.56,30.61,0.0,34.86,63.79,0.0,32.64,45.42,Humid/Swing,Completed,1
41,Cape Town (Newlands),2018-07-12,Test,winter,9.62,61.52,1000.15,23.15,55.1,22.84,9.55,11.63,54.64,995.98,26.96,65.13,0.0,14.68,48.25,0.0,60.21,23.89,Flat/Batting,Rain Interrupted,0
42,Bridgetown (Kensington Oval),2020-08-06,ODI,monsoon,25.43,79.91,1010.79,7.0,68.48,6.18,11.45,28.29,75.65,1010.76,3.78,54.02,14.43,30.53,74.63,16.3,58.1,6.27,Humid/Swing,Rain Interrupted,0
43,Bridgetown (Kensington Oval),2020-02-23,Test,winter,22.37,80.2,998.11,1.58,33.47,0.0,14.7,25.18,78.17,998.4,0.0,50.84,0.0,27.11,74.12,0.0,43.52,2.4,Humid/Swing,Completed,1
44,Bengaluru (Chinnaswamy),2016-07-25,Test,monsoon,22.2,64.1,1002.06,16.09,38.42,11.07,13.14,26.02,58.73,1003.37,14.75,61.02,0.0,28.18,55.45,0.0,43.76,15.01,Flat/Batting,Completed,1
45,Cape Town (Newlands),2021-04-18,T20,monsoon,14.76,55.03,1010.88,17.57,42.06,3.57,15.68,18.17,53.52,1009.61,17.5,57.16,0.0,20.56,52.67,0.0,43.52,16.96,Flat/Batting,Completed,1
46,Bengaluru (Chinnaswamy),2023-05-18,T20,summer,20.68,64.41,1015.91,24.91,63.34,1.42,14.25,23.16,65.68,1018.21,26.89,68.54,0.0,26.12,57.04,26.5,66.74,25.12,Flat/Batting,Rain Interrupted,0
47,The Oval (London),2021-07-18,ODI,monsoon,11.96,76.43,1014.07,3.04,47.98,0.9,13.3,13.43,79.19,1017.68,4.54,57.02,0.0,17.2,69.88,7.0,38.74,3.93,Humid/Swing,Completed,1
48,Lords (London),2017-06-17,Test,summer,21.89,74.27,1019.15,10.69,53.68,9.74,12.08,22.88,68.13,1017.72,8.53,40.96,0.0,27.41,67.06,2.54,39.14,10.03,Humid/Swing,Completed,1
49,SCG (Sydney),2020-07-14,Test,winter,9.78,65.8,1012.79,12.48,75.16,2.63,14.61,14.74,53.48,1011.39,9.7,63.95,7.95,15.66,55.91,31.81,55.38,12.16,Humid/Swing,Rain Interrupted,0
50,Mumbai (Wankhede),2024-08-28,Test,monsoon,25.45,83.48,1010.46,3.68,55.12,1.16,13.55,28.09,77.02,1008.34,0.02,28.05,4.82,31.58,70.33,11.57,63.26,2.56,Humid/Swing,Rain Interrupted,0
51,Kolkata (Eden Gardens),2022-01-14,Test,winter,13.13,68.91,1010.99,0.41,45.38,0.0,15.1,13.11,62.59,1006.92,0.05,39.16,0.0,18.35,62.84,0.0,27.33,2.57,Humid/Swing,Completed,1
52,Bridgetown (Kensington Oval),2019-09-26,T20,monsoon,26.11,81.25,1021.28,1.92,62.22,15.54,11.51,26.6,85.08,1020.15,0.64,21.21,0.0,31.27,73.08,71.53,67.44,0.51,Wet/Green,Abandoned,0
53,Chennai (Chepauk),2019-04-26,ODI,summer,36.85,72.74,1013.72,12.71,24.6,0.0,14.45,40.46,67.33,1014.37,13.31,71.4,0.0,41.6,64.29,0.0,38.39,14.59,Humid/Swing,Completed,1
54,Karachi (National Stadium),2020-04-01,T20,summer,30.21,67.95,1029.0,3.51,45.1,0.0,14.62,33.05,70.4,1031.72,0.0,34.55,0.0,35.43,61.07,0.0,37.02,1.25,Humid/Swing,Completed,1
55,Bengaluru (Chinnaswamy),2021-03-16,Test,monsoon,19.39,63.41,1019.47,7.08,29.26,0.0,15.6,20.29,58.86,1018.63,3.89,35.59,0.0,24.31,53.88,9.82,42.8,7.42,Flat/Batting,Completed,1
56,Bridgetown (Kensington Oval),2023-01-31,Test,winter,20.94,84.33,998.16,8.24,36.31,0.0,14.0,25.74,85.35,995.02,10.05,49.14,0.83,27.76,75.67,0.83,38.73,9.95,Humid/Swing,Completed,1
57,Bridgetown (Kensington Oval),2024-12-03,T20,winter,26.14,84.35,1007.71,3.14,41.69,0.0,13.25,29.21,82.98,1015.37,0.87,12.41,0.0,31.94,75.7,0.44,25.54,3.91,Humid/Swing,Completed,1
58,Bengaluru (Chinnaswamy),2023-08-15,T20,monsoon,16.7,62.15,1004.42,10.5,44.2,0.0,16.43,20.43,60.29,1002.9,7.05,30.52,0.0,22.41,54.32,0.0,36.78,12.02,Flat/Batting,Completed,1
59,Lords (London),2016-04-01,ODI,summer,21.68,74.65,1028.23,11.33,48.46,0.0,14.74,25.77,68.95,1021.92,6.27,44.95,0.0,28.05,66.02,7.89,44.75,12.25,Humid/Swing,Completed,1
60,The Oval (London),2016-10-09,ODI,monsoon,15.04,77.29,1000.18,20.69,54.39,20.74,9.78,17.15,71.31,1003.37,19.73,70.77,0.0,19.83,70.29,13.4,59.7,19.4,Wet/Green,Rain Interrupted,0
61,Mumbai (Wankhede),2023-02-05,T20,winter,21.05,78.18,1006.85,12.05,40.39,1.04,13.65,25.76,67.86,1007.91,14.43,22.47,0.0,27.21,72.4,0.0,35.34,13.47,Humid/Swing,Completed,1
62,Bengaluru (Chinnaswamy),2020-08-12,Test,monsoon,21.97,64.26,1012.94,3.2,35.6,0.0,16.06,25.29,51.97,1014.45,1.71,59.35,0.0,26.57,55.84,2.67,36.01,2.42,Flat/Batting,Completed,1
63,SCG (Sydney),2016-03-11,T20,monsoon,19.94,64.53,990.83,31.17,43.46,17.26,13.0,23.45,63.39,989.98,35.61,11.69,0.0,25.89,55.49,11.01,33.14,31.03,Flat/Batting,Rain Interrupted,0
64,Bengaluru (Chinnaswamy),2024-06-09,T20,summer,27.72,61.75,1022.98,1.35,50.3,30.37,11.33,30.51,54.96,1021.92,8.44,77.03,0.0,33.52,57.05,15.87,53.92,1.37,Wet/Green,Abandoned,0
65,SCG (Sydney),2021-10-30,Test,monsoon,18.97,68.63,1028.93,3.65,44.22,0.0,14.84,23.6,56.17,1026.88,5.5,78.64,0.0,24.4,54.89,23.51,40.31,3.3,Humid/Swing,Rain Interrupted,0
66,Kolkata (Eden Gardens),2019-03-12,Test,monsoon,30.31,68.35,1013.39,15.48,43.99,5.34,12.98,34.0,73.11,1012.11,17.78,22.79,0.0,35.82,63.34,4.28,33.59,13.54,Humid/Swing,Rain Interrupted,0
67,SCG (Sydney),2023-09-25,T20,monsoon,12.01,68.18,1027.41,8.3,40.68,0.0,15.31,15.42,62.19,1022.63,2.81,28.21,0.0,17.78,55.16,21.55,31.92,8.05,Humid/Swing,Rain Interrupted,0
68,Mumbai (Wankhede),2021-09-19,ODI,monsoon,27.17,82.87,1014.5,5.98,67.92,8.37,10.43,27.73,74.35,1014.37,6.47,61.94,0.0,31.79,70.58,7.14,56.0,5.17,Humid/Swing,Completed,1
69,MCG (Melbourne),2015-03-21,Test,monsoon,14.49,61.66,1006.74,17.95,26.88,2.16,14.83,20.33,51.47,1007.33,17.96,52.7,0.0,20.19,51.64,0.0,40.53,15.01,Flat/Batting,Completed,1
70,Lords (London),2024-11-08,ODI,monsoon,10.46,74.52,1010.13,10.73,51.78,2.24,12.98,15.96,57.23,1015.63,12.59,80.75,0.0,15.91,68.14,42.14,58.17,8.91,Humid/Swing,Abandoned,0
71,Delhi (Feroz Shah Kotla),2015-08-26,Test,monsoon,25.99,49.3,1031.69,12.71,67.04,5.04,15.67,31.41,43.72,1033.44,14.43,8.95,0.0,31.82,38.75,19.21,52.35,11.52,Flat/Batting,Rain Interrupted,0
72,Karachi (National Stadium),2015-11-19,Test,monsoon,26.05,66.65,996.64,12.32,60.99,0.0,15.61,29.16,73.07,1003.07,11.1,34.87,0.0,31.55,60.21,14.04,45.78,8.79,Humid/Swing,Rain Interrupted,0
73,Cape Town (Newlands),2020-06-13,Test,winter,7.8,58.62,1022.95,3.76,63.25,0.98,15.45,14.33,58.97,1020.63,0.0,70.4,0.0,13.92,49.17,21.84,72.68,3.33,Flat/Batting,Rain Interrupted,0
74,SCG (Sydney),2023-08-03,Test,winter,14.42,62.89,1024.28,10.56,58.55,27.37,12.19,17.9,59.62,1018.79,2.25,74.31,7.42,19.93,57.05,23.7,49.1,8.51,Wet/Green,Abandoned,0
75,Kolkata (Eden Gardens),2022-05-26,ODI,summer,32.19,74.48,1025.71,10.69,34.39,0.15,14.16,32.79,59.09,1026.6,7.42,50.5,0.0,36.6,66.12,1.46,41.37,10.26,Humid/Swing,Completed,1
76,SCG (Sydney),2016-11-07,ODI,monsoon,17.59,60.61,1012.89,10.13,42.21,0.0,15.59,21.3,58.85,1012.1,9.88,51.0,0.0,22.77,58.97,0.0,28.98,11.61,Flat/Batting,Completed,1
77,SCG (Sydney),2024-10-13,T20,monsoon,19.16,63.03,1011.3,5.44,30.25,1.54,14.36,23.57,56.25,1011.16,3.56,31.39,0.0,25.62,57.07,0.0,48.19,3.77,Flat/Batting,Completed,1
78,The Oval (London),2017-05-17,T20,summer,19.8,78.17,1014.59,16.84,39.14,0.0,13.68,23.22,66.75,1021.0,17.71,66.63,0.0,25.26,71.04,31.26,50.48,17.02,Humid/Swing,Rain Interrupted,0
79,Cape Town (Newlands),2022-09-26,Test,monsoon,18.68,60.08,1013.51,23.8,44.56,0.0,15.32,23.34,52.67,1010.54,23.21,32.84,0.0,24.56,51.44,14.28,45.91,25.48,Flat/Batting,Completed,1
80,Cape Town (Newlands),2018-06-30,ODI,winter,9.1,61.06,1009.39,3.16,72.5,8.19,12.82,10.73,53.08,1001.94,5.6,76.69,0.0,13.93,50.36,9.08,68.35,5.5,Flat/Batting,Rain Interrupted,0
81,Bridgetown (Kensington Oval),2022-04-15,ODI,summer,25.72,83.36,1019.49,2.28,39.89,0.0,13.61,29.47,79.85,1016.68,5.72,21.82,0.0,31.7,73.61,5.35,33.74,2.36,Humid/Swing,Completed,1
82,MCG (Melbourne),2020-10-20,ODI,monsoon,11.03,59.48,1007.23,1.91,43.93,0.0,15.39,13.34,59.14,1002.74,0.4,12.32,0.0,15.49,49.82,1.28,34.77,1.81,Flat/Batting,Completed,1
83,Chennai (Chepauk),2017-10-12,Test,monsoon,29.78,73.23,1020.72,3.85,60.9,12.14,10.45,33.69,71.02,1023.03,0.0,88.44,0.0,34.73,66.18,15.88,62.12,1.34,Wet/Green,Rain Interrupted,0
84,Chennai (Chepauk),2018-10-16,Test,monsoon,23.8,75.75,1024.25,11.44,61.28,10.94,12.44,26.83,62.17,1022.11,14.28,62.58,23.7,29.14,67.99,39.08,52.73,13.42,Humid/Swing,Abandoned,0
85,Karachi (National Stadium),2021-03-18,Test,monsoon,26.64,71.49,1033.16,8.54,31.75,0.37,14.39,30.71,63.04,1031.98,10.57,15.46,0.0,32.12,61.5,0.25,39.84,6.53,Humid/Swing,Completed,1
86,Karachi (National Stadium),2017-06-21,Test,summer,31.7,66.87,1006.38,3.24,42.2,0.0,15.36,36.32,65.86,1012.22,9.53,28.21,0.0,37.91,61.54,5.0,36.23,4.46,Humid/Swing,Completed,1
87,Chennai (Chepauk),2022-12-09,T20,winter,19.75,74.18,1001.81,5.67,56.69,2.44,13.21,21.63,62.57,1003.46,11.38,36.57,0.0,25.02,66.19,16.04,68.8,5.97,Humid/Swing,Rain Interrupted,0
88,Mumbai (Wankhede),2017-07-26,Test,monsoon,26.57,79.46,1026.82,8.86,62.88,3.94,11.7,29.96,83.09,1029.43,10.76,39.51,5.14,31.63,70.8,36.26,52.63,9.49,Humid/Swing,Abandoned,0
89,Mumbai (Wankhede),2024-08-22,ODI,monsoon,24.28,83.64,1010.59,2.36,60.35,6.75,11.8,28.51,78.6,1017.47,1.57,38.1,0.59,29.61,72.05,16.64,62.32,3.41,Humid/Swing,Abandoned,0
90,Chennai (Chepauk),2020-10-06,Test,monsoon,25.29,72.35,1021.31,17.37,50.35,7.42,12.02,30.35,72.46,1016.97,15.85,70.03,0.0,30.7,67.11,13.87,51.43,16.72,Humid/Swing,Rain Interrupted,0
91,Bengaluru (Chinnaswamy),2022-07-03,ODI,monsoon,16.1,62.23,1023.35,4.27,31.82,0.0,16.59,19.99,57.78,1021.33,4.81,16.84,2.88,21.43,55.24,20.45,41.84,4.34,Flat/Batting,Rain Interrupted,0
92,Delhi (Feroz Shah Kotla),2021-01-17,Test,winter,11.29,50.94,1017.95,3.32,42.17,4.42,15.18,13.34,49.96,1023.28,0.06,29.75,0.0,16.37,43.32,15.09,34.04,3.12,Flat/Batting,Completed,1
93,Cape Town (Newlands),2024-11-23,T20,monsoon,19.85,59.55,1035.34,8.13,32.15,0.0,16.01,22.61,44.57,1032.64,6.98,64.44,0.0,24.76,50.66,2.01,44.6,5.92,Flat/Batting,Completed,1
94,Karachi (National Stadium),2020-04-20,Test,summer,39.06,69.43,1003.06,14.64,38.39,1.67,14.64,43.67,66.69,1009.68,16.17,30.8,0.0,44.17,59.09,1.14,35.07,15.35,Humid/Swing,Completed,1
95,MCG (Melbourne),2024-01-21,ODI,summer,25.89,63.74,1018.63,5.43,50.12,0.0,16.0,30.57,58.13,1017.88,4.95,54.31,0.0,32.08,49.63,0.97,35.35,4.53,Flat/Batting,Completed,1
96,Delhi (Feroz Shah Kotla),2016-01-22,Test,winter,13.1,47.38,1027.42,2.02,46.45,0.91,16.34,17.41,43.22,1029.22,0.0,28.75,0.0,18.84,42.02,1.75,43.11,2.76,Flat/Batting,Completed,1
97,Bridgetown (Kensington Oval),2019-11-01,ODI,monsoon,21.35,80.84,1019.69,11.27,60.58,10.12,10.98,26.22,77.52,1018.69,10.99,71.42,2.92,27.25,74.38,6.68,52.85,11.9,Humid/Swing,Completed,1
98,The Oval (London),2019-08-11,ODI,monsoon,7.95,76.58,1026.13,2.86,34.3,0.0,13.95,12.53,66.3,1029.57,1.06,32.91,1.87,13.3,67.89,16.4,40.28,2.41,Humid/Swing,Completed,1
99,Cape Town (Newlands),2015-08-10,T20,winter,7.06,63.08,1025.51,18.94,52.95,14.35,10.7,10.9,57.55,1023.76,17.01,48.21,1.09,12.36,50.68,11.79,54.81,19.11,Flat/Batting,Rain Interrupted,0
100,Bridgetown (Kensington Oval),2022-03-31,Test,monsoon,25.49,82.21,1012.23,0.4,27.35,0.0,13.26,27.91,78.44,1012.1,0.04,24.53,0.0,30.84,72.51,8.29,27.85,1.91,Humid/Swing,Completed,1
101,Mumbai (Wankhede),2019-07-08,T20,monsoon,22.36,76.85,1014.15,5.43,64.2,17.08,9.63,26.81,73.72,1013.07,4.9,57.48,0.0,28.92,70.26,14.98,69.28,2.67,Humid/Swing,Abandoned,0
102,Lords (London),2023-12-24,Test,winter,0.76,79.04,1007.8,5.23,58.96,10.82,10.56,3.96,67.79,1003.54,0.98,57.22,0.0,7.02,68.4,24.1,52.35,3.45,Wet/Green,Rain Interrupted,0
103,Delhi (Feroz Shah Kotla),2017-02-23,Test,winter,3.86,51.73,1021.3,1.32,45.3,3.18,15.12,8.02,44.45,1018.35,6.0,17.86,0.0,9.0,39.54,0.0,51.37,2.11,Flat/Batting,Completed,1
104,SCG (Sydney),2020-01-12,Test,summer,20.37,64.82,1026.21,1.89,65.53,0.0,15.84,24.22,58.9,1023.32,3.04,30.1,0.0,26.33,56.4,2.13,45.11,2.0,Flat/Batting,Completed,1
105,The Oval (London),2017-01-21,ODI,winter,-0.34,74.83,1015.96,33.9,57.58,14.2,10.03,0.69,72.56,1017.06,38.6,48.11,0.0,4.97,67.92,37.56,51.79,33.72,Wet/Green,Abandoned,0
106,MCG (Melbourne),2017-10-20,Test,monsoon,18.25,62.03,1006.58,9.55,38.01,0.0,15.2,20.1,54.85,1002.6,8.11,11.01,0.99,24.33,51.8,18.59,40.94,9.32,Flat/Batting,Completed,1
107,MCG (Melbourne),2024-01-23,T20,summer,30.71,57.2,1027.48,9.11,45.78,0.0,16.36,32.67,51.91,1020.15,14.57,20.56,0.0,35.82,49.48,15.75,39.48,9.67,Flat/Batting,Rain Interrupted,0
108,Chennai (Chepauk),2015-07-27,T20,monsoon,27.31,76.83,1011.68,24.27,31.77,0.0,14.03,30.6,63.84,1007.54,23.83,46.06,0.0,32.36,66.59,0.0,51.81,26.03,Humid/Swing,Completed,1
109,SCG (Sydney),2024-05-17,Test,monsoon,14.4,63.79,1012.88,1.63,49.68,0.0,16.34,17.24,58.59,1015.86,0.0,37.4,0.0,20.55,55.31,5.67,43.19,1.5,Flat/Batting,Completed,1
110,Chennai (Chepauk),2023-06-14,Test,summer,29.02,71.33,1017.76,14.91,45.87,0.0,14.67,32.47,68.0,1017.86,16.8,55.19,0.0,35.14,64.31,5.34,49.77,17.13,Humid/Swing,Completed,1
111,Kolkata (Eden Gardens),2019-07-23,ODI,monsoon,25.98,72.26,997.8,49.4,45.04,1.46,14.33,28.66,77.99,1003.37,52.72,51.17,0.46,31.3,64.49,32.41,61.51,50.96,Humid/Swing,Rain Interrupted,0
112,MCG (Melbourne),2017-05-25,ODI,monsoon,10.54,60.63,1018.96,5.66,58.58,0.0,15.88,13.07,47.19,1016.91,5.27,34.05,0.0,15.07,52.54,0.0,43.58,5.0,Flat/Batting,Completed,1
113,Mumbai (Wankhede),2016-11-05,ODI,monsoon,28.98,80.59,1012.79,24.74,46.37,0.0,14.26,32.74,68.49,1016.97,27.1,61.94,0.0,35.45,68.98,0.0,41.45,27.6,Humid/Swing,Completed,1
114,Mumbai (Wankhede),2019-05-19,ODI,summer,26.56,78.02,1018.08,2.34,38.32,1.72,13.83,29.6,72.39,1016.78,7.58,40.88,0.0,32.47,71.95,0.0,41.75,3.91,Humid/Swing,Completed,1
115,MCG (Melbourne),2018-03-14,ODI,monsoon,9.15,59.88,1007.4,7.5,48.89,0.0,16.13,12.53,54.61,1004.67,7.73,4.16,2.1,14.68,51.57,6.82,33.66,7.07,Flat/Batting,Completed,1
116,Cape Town (Newlands),2023-03-12,T20,monsoon,15.95,57.0,1002.14,5.76,40.68,0.0,16.23,18.29,64.39,1001.04,7.98,31.17,0.0,21.64,51.87,9.73,36.86,5.02,Flat/Batting,Rain Interrupted,0
117,Bridgetown (Kensington Oval),2023-01-21,ODI,winter,23.62,79.72,1022.06,10.31,34.85,0.0,14.18,24.05,84.65,1021.19,12.33,70.88,0.0,28.59,75.55,6.69,44.91,10.25,Humid/Swing,Completed,1
118,Kolkata (Eden Gardens),2017-02-16,ODI,winter,15.43,74.27,1014.38,10.87,22.22,5.26,13.01,18.22,70.87,1009.51,8.38,47.25,0.0,20.26,63.74,6.46,46.68,11.07,Humid/Swing,Rain Interrupted,0
119,Delhi (Feroz Shah Kotla),2015-08-28,T20,monsoon,28.92,52.16,1022.0,8.96,53.68,19.3,11.95,33.89,48.28,1019.12,2.14,47.77,8.1,34.27,40.72,15.05,52.75,7.34,Wet/Green,Rain Interrupted,0
120,Cape Town (Newlands),2021-01-29,Test,summer,24.0,59.71,1030.04,4.22,42.89,0.0,16.62,29.62,58.59,1027.86,4.66,44.72,0.0,29.54,52.71,8.16,38.25,3.64,Flat/Batting,Completed,1
121,Cape Town (Newlands),2018-07-08,Test,winter,9.5,57.59,1011.04,18.63,64.74,16.6,12.82,12.53,52.53,1011.58,19.82,54.28,0.7,15.39,51.81,15.57,57.91,18.18,Wet/Green,Rain Interrupted,0
122,Mumbai (Wankhede),2021-07-20,ODI,monsoon,28.53,78.09,1012.48,16.67,56.48,8.93,11.14,29.83,77.89,1007.92,17.75,59.86,0.0,33.98,71.11,36.81,51.4,18.36,Humid/Swing,Abandoned,0
123,SCG (Sydney),2024-07-24,T20,winter,6.98,62.66,1013.65,2.16,61.42,1.99,15.98,10.12,56.96,1014.38,1.91,65.85,16.59,12.75,57.09,19.62,56.13,1.72,Flat/Batting,Rain Interrupted,0
124,Kolkata (Eden Gardens),2015-08-21,T20,monsoon,28.65,73.13,1024.7,17.03,65.98,17.48,11.74,30.66,69.41,1026.11,15.68,46.75,0.92,33.8,64.5,3.77,59.61,15.86,Humid/Swing,Rain Interrupted,0
125,Chennai (Chepauk),2024-07-19,Test,monsoon,23.3,75.02,1009.02,25.19,51.41,0.0,14.26,26.73,66.2,1008.31,25.26,29.62,0.0,28.81,65.05,15.03,34.42,26.08,Humid/Swing,Completed,1
126,Chennai (Chepauk),2021-09-03,Test,monsoon,26.36,76.48,1016.18,5.0,29.55,6.54,12.72,29.6,82.78,1013.84,0.85,18.14,0.04,31.13,67.0,3.42,38.81,1.52,Humid/Swing,Completed,1
127,Bridgetown (Kensington Oval),2024-08-31,Test,monsoon,21.05,85.5,1024.14,1.31,62.12,2.16,12.51,24.5,80.9,1016.97,1.13,47.39,5.75,26.59,76.15,48.69,57.61,2.62,Wet/Green,Abandoned,0
128,The Oval (London),2016-05-06,T20,summer,18.9,74.75,1011.6,12.46,33.89,17.15,11.42,20.55,69.55,1006.03,12.39,68.14,0.0,24.23,68.13,0.0,45.93,13.43,Humid/Swing,Completed,1
129,Delhi (Feroz Shah Kotla),2021-06-29,T20,summer,34.05,49.17,1016.66,5.26,34.28,0.0,17.23,37.72,49.25,1013.18,4.63,39.51,0.0,40.83,39.83,1.11,49.34,7.6,Flat/Batting,Completed,1
130,Mumbai (Wankhede),2021-12-11,Test,winter,19.44,77.94,1014.55,35.35,50.3,0.0,14.02,23.25,84.07,1011.73,33.82,26.48,0.0,25.03,73.94,0.91,40.09,35.79,Humid/Swing,Completed,1
131,The Oval (London),2022-05-16,T20,summer,14.52,74.57,1007.08,36.16,47.12,0.0,15.43,20.61,77.07,1010.14,35.73,71.52,0.0,21.18,70.53,0.0,51.08,35.14,Humid/Swing,Completed,1
132,Karachi (National Stadium),2020-11-11,ODI,monsoon,30.83,69.8,1030.18,2.04,39.8,8.13,13.13,31.4,67.43,1032.37,1.31,21.78,0.0,36.28,61.8,17.25,47.58,2.2,Humid/Swing,Rain Interrupted,0
133,Bengaluru (Chinnaswamy),2017-04-16,T20,summer,26.76,61.72,1019.81,12.53,39.33,0.0,15.95,30.14,59.17,1021.23,6.3,21.18,0.0,32.06,56.3,0.0,41.83,10.08,Flat/Batting,Completed,1
134,Cape Town (Newlands),2018-07-10,Test,winter,11.13,55.94,1009.84,18.68,49.41,0.08,16.81,15.34,63.71,1006.22,18.17,39.43,1.37,17.29,51.52,8.36,49.95,18.91,Flat/Batting,Rain Interrupted,0
135,Bengaluru (Chinnaswamy),2019-06-10,Test,summer,20.23,64.28,1019.86,15.87,60.65,3.32,14.46,21.68,58.77,1018.73,17.62,57.88,0.0,25.38,56.07,5.25,65.12,15.81,Flat/Batting,Completed,1
136,Bridgetown (Kensington Oval),2022-03-28,ODI,monsoon,25.88,80.75,1025.51,8.58,39.15,1.66,12.95,29.76,75.0,1023.38,2.97,72.38,0.0,31.76,71.84,0.0,40.7,8.43,Humid/Swing,Completed,1
137,MCG (Melbourne),2018-07-19,Test,winter,6.61,58.78,1006.49,5.64,72.01,3.09,15.61,8.15,57.43,1003.54,8.33,61.52,0.0,11.43,53.77,14.62,57.38,3.54,Flat/Batting,Rain Interrupted,0
138,Mumbai (Wankhede),2020-02-21,T20,winter,24.2,80.43,1021.71,3.49,52.91,2.81,12.93,27.96,75.09,1022.59,6.62,13.68,6.95,30.98,72.82,17.42,41.7,4.58,Humid/Swing,Rain Interrupted,0
139,Karachi (National Stadium),2016-02-14,Test,winter,12.6,69.62,1000.65,5.38,47.8,3.09,14.1,14.85,66.66,995.27,3.17,61.85,0.0,18.12,59.58,6.19,42.71,4.45,Humid/Swing,Completed,1
140,SCG (Sydney),2017-05-23,T20,monsoon,18.95,64.17,1011.41,4.94,48.16,8.04,13.97,23.24,64.41,1016.56,6.65,25.23,0.0,24.76,56.92,4.71,41.09,4.92,Flat/Batting,Delayed Start,1
141,Bengaluru (Chinnaswamy),2016-06-26,ODI,summer,29.02,68.64,1029.81,4.12,45.21,11.91,11.52,30.64,58.61,1028.36,0.09,51.56,0.0,34.11,56.75,3.49,61.29,2.48,Humid/Swing,Completed,1
142,Chennai (Chepauk),2024-11-10,Test,monsoon,23.78,73.46,1015.41,12.19,65.77,5.6,12.59,25.52,75.78,1012.54,11.72,64.43,2.48,28.63,67.83,19.82,56.27,11.38,Humid/Swing,Rain Interrupted,0
143,Lords (London),2018-03-13,Test,monsoon,13.69,79.27,1007.38,2.6,24.89,8.68,11.18,17.15,67.43,1006.91,0.0,48.45,0.0,19.31,68.35,7.56,45.46,3.11,Humid/Swing,Rain Interrupted,0
144,MCG (Melbourne),2024-05-08,T20,monsoon,16.47,59.6,1022.9,1.11,30.1,0.0,15.74,21.12,50.81,1022.13,5.64,61.68,2.22,22.57,53.24,2.22,44.81,1.79,Flat/Batting,Completed,1
145,Cape Town (Newlands),2018-05-24,T20,monsoon,21.15,57.38,1024.47,10.78,56.36,12.03,12.85,24.72,56.75,1020.04,15.6,53.86,0.0,26.62,51.48,10.47,56.53,9.56,Flat/Batting,Rain Interrupted,0
146,Bridgetown (Kensington Oval),2020-12-06,Test,winter,24.98,83.99,1019.76,5.38,39.03,5.49,11.2,26.82,72.71,1019.0,1.2,33.48,2.9,30.52,74.09,21.47,44.27,6.52,Humid/Swing,Rain Interrupted,0
147,Bridgetown (Kensington Oval),2024-02-29,T20,winter,20.64,82.05,1010.14,8.16,30.14,7.45,11.07,24.55,74.72,1011.85,6.89,16.08,0.0,25.79,73.73,0.89,45.66,7.99,Humid/Swing,Completed,1
148,Bengaluru (Chinnaswamy),2022-06-10,Test,summer,23.56,64.42,1007.05,9.15,59.35,10.55,12.79,26.54,62.71,1000.5,11.93,27.25,1.16,28.93,55.55,33.4,61.71,10.43,Flat/Batting,Abandoned,0
149,Kolkata (Eden Gardens),2017-12-19,Test,winter,17.03,67.86,1015.38,55.49,52.78,0.0,15.58,18.12,71.12,1016.79,51.43,69.66,0.0,22.31,65.27,0.0,34.77,55.96,Humid/Swing,Completed,1
150,Chennai (Chepauk),2023-04-29,T20,summer,33.76,74.6,1021.97,8.98,48.25,1.5,14.61,34.01,76.34,1022.71,7.89,21.42,0.0,38.31,64.44,0.0,40.61,7.73,Humid/Swing,Completed,1
151,Kolkata (Eden Gardens),2018-01-20,ODI,winter,16.92,73.13,1001.17,19.2,35.99,0.0,14.69,20.22,60.75,1003.88,19.59,21.53,0.0,22.52,64.89,0.0,40.94,19.02,Humid/Swing,Completed,1
152,Karachi (National Stadium),2017-05-12,T20,summer,30.69,69.52,1015.21,7.65,39.14,0.0,14.62,35.44,68.25,1013.29,15.02,25.9,0.0,36.27,61.21,0.72,40.69,8.0,Humid/Swing,Completed,1
153,Lords (London),2017-04-13,T20,summer,16.34,76.64,1013.52,7.49,51.21,14.23,12.4,20.02,65.92,1015.63,10.01,52.03,0.0,22.31,68.32,1.5,44.74,7.11,Humid/Swing,Completed,1
154,Bridgetown (Kensington Oval),2024-07-25,ODI,monsoon,24.24,82.3,1023.68,11.73,37.42,16.24,8.23,26.68,68.49,1025.1,11.38,62.77,0.0,30.29,74.32,10.54,64.26,11.7,Humid/Swing,Rain Interrupted,0
155,SCG (Sydney),2020-06-24,ODI,winter,12.98,62.52,1003.82,7.92,59.68,6.67,13.74,14.68,62.78,1006.4,5.16,59.23,0.0,19.15,56.59,23.2,50.99,6.34,Flat/Batting,Rain Interrupted,0
156,Mumbai (Wankhede),2016-01-14,T20,winter,18.94,78.09,1012.18,2.48,41.84,1.52,12.93,24.26,72.22,1012.17,4.38,18.32,0.0,24.85,72.25,14.2,39.72,1.98,Humid/Swing,Completed,1
157,The Oval (London),2024-04-20,ODI,summer,12.18,77.08,1002.59,2.44,43.27,0.0,14.69,14.91,75.41,998.16,0.0,45.51,0.0,17.8,71.84,0.0,34.54,1.28,Humid/Swing,Completed,1
158,Mumbai (Wankhede),2015-01-15,ODI,winter,20.33,79.43,1023.76,4.43,38.1,12.54,10.87,22.26,75.32,1025.37,0.0,45.26,0.0,26.23,70.13,0.0,36.55,2.72,Humid/Swing,Rain Interrupted,0
159,Kolkata (Eden Gardens),2022-02-22,ODI,winter,16.32,72.41,1021.51,5.62,37.41,9.69,12.64,18.48,66.69,1023.99,0.91,30.98,0.0,21.95,63.06,2.9,50.06,4.87,Humid/Swing,Completed,1
160,Kolkata (Eden Gardens),2023-04-25,ODI,summer,26.63,67.35,1012.13,3.2,42.25,7.51,12.01,29.92,64.09,1011.16,4.78,22.89,0.0,32.8,65.48,0.0,39.3,2.5,Humid/Swing,Delayed Start,1
161,SCG (Sydney),2022-11-30,ODI,monsoon,16.54,64.57,1005.41,3.46,30.93,0.0,15.65,19.34,62.45,1001.35,6.71,21.87,0.26,20.67,55.23,3.71,41.39,2.92,Flat/Batting,Completed,1
162,SCG (Sydney),2015-02-09,Test,summer,29.54,66.5,1002.27,5.65,37.68,7.23,12.35,30.87,57.52,1004.91,1.83,44.13,0.0,33.61,57.33,11.0,49.31,4.97,Humid/Swing,Rain Interrupted,0
163,Chennai (Chepauk),2024-11-26,T20,monsoon,26.72,73.34,1020.68,1.66,49.32,0.73,14.35,32.02,73.56,1016.21,2.49,64.49,11.58,32.3,66.56,40.06,61.23,2.69,Humid/Swing,Abandoned,0
164,Kolkata (Eden Gardens),2021-02-12,Test,winter,14.56,73.77,1003.24,34.11,32.57,9.52,11.06,18.34,69.62,1003.95,35.58,29.16,0.0,19.98,64.13,14.55,36.39,35.91,Humid/Swing,Rain Interrupted,0
165,Lords (London),2021-07-13,T20,monsoon,9.74,77.34,1018.24,22.74,39.54,2.99,13.25,12.31,79.69,1017.49,21.41,65.47,0.0,14.51,70.63,0.35,41.1,23.27,Humid/Swing,Completed,1
166,Kolkata (Eden Gardens),2019-10-27,Test,monsoon,23.4,69.13,1026.1,10.93,38.52,7.2,12.89,26.89,68.93,1023.26,13.09,14.82,0.0,29.42,64.15,1.61,37.19,10.84,Humid/Swing,Completed,1
167,Mumbai (Wankhede),2018-06-16,ODI,summer,27.35,79.5,1014.52,12.19,70.96,2.27,13.76,30.78,70.53,1010.53,9.91,59.27,0.0,33.01,70.56,22.66,56.44,11.52,Humid/Swing,Rain Interrupted,0
168,Mumbai (Wankhede),2019-01-05,Test,winter,23.03,79.67,1010.28,15.06,39.35,5.65,12.3,26.58,70.29,1008.89,14.9,43.06,0.0,28.31,68.56,0.01,33.54,13.84,Humid/Swing,Completed,1
169,Bridgetown (Kensington Oval),2017-10-19,T20,monsoon,24.71,82.97,1008.97,3.38,49.51,1.58,12.92,26.37,78.89,1013.68,4.26,52.61,0.0,30.64,73.93,31.1,58.79,5.49,Humid/Swing,Rain Interrupted,0
170,Chennai (Chepauk),2018-12-19,T20,winter,25.24,75.45,999.44,2.36,64.03,1.18,13.6,27.72,68.56,994.59,3.31,34.26,13.71,29.89,65.7,23.61,58.73,1.37,Humid/Swing,Rain Interrupted,0
171,The Oval (London),2021-12-17,T20,winter,4.53,76.64,1013.24,6.03,56.56,9.71,12.1,6.56,67.36,1011.06,10.55,49.3,2.67,9.29,70.71,10.31,63.66,5.34,Humid/Swing,Rain Interrupted,0
172,Kolkata (Eden Gardens),2017-08-27,Test,monsoon,26.58,75.89,1011.7,1.83,54.97,0.61,14.21,27.67,71.8,1010.18,3.71,73.05,0.0,31.91,65.01,9.22,53.53,4.12,Humid/Swing,Completed,1
173,Kolkata (Eden Gardens),2024-11-19,ODI,monsoon,31.72,70.25,1006.47,17.08,30.07,0.0,14.16,34.71,74.81,1009.72,20.64,16.08,0.0,37.45,65.26,3.58,38.51,18.27,Humid/Swing,Completed,1
174,Mumbai (Wankhede),2017-01-04,T20,winter,20.62,75.89,1002.53,2.38,33.09,0.0,14.52,25.14,82.85,1003.79,5.11,28.76,0.0,26.7,72.14,3.68,45.34,1.88,Humid/Swing,Completed,1
175,Lords (London),2023-10-10,ODI,monsoon,8.87,76.56,1019.96,9.17,65.3,25.02,9.08,11.54,74.65,1015.23,7.95,36.73,8.62,13.95,70.02,32.51,60.55,9.57,Wet/Green,Abandoned,0
176,Bridgetown (Kensington Oval),2024-09-09,T20,monsoon,23.74,83.05,999.5,12.3,49.15,1.22,13.39,25.21,66.51,996.9,11.55,78.97,3.12,29.6,73.37,13.19,62.57,11.68,Humid/Swing,Rain Interrupted,0
177,Delhi (Feroz Shah Kotla),2017-12-28,Test,winter,3.31,48.92,1012.47,10.05,24.0,0.0,16.22,6.09,56.05,1013.83,6.31,39.18,0.0,8.53,42.32,0.0,42.53,9.41,Flat/Batting,Completed,1
178,Cape Town (Newlands),2016-03-18,ODI,monsoon,14.89,59.3,1005.17,2.78,46.65,15.75,13.44,18.73,65.89,1008.32,0.0,61.97,0.0,20.48,52.31,0.0,39.88,1.82,Flat/Batting,Completed,1
179,Mumbai (Wankhede),2024-08-17,ODI,monsoon,28.28,79.81,1005.91,6.73,67.06,11.07,11.94,32.01,77.07,1008.51,6.81,47.81,0.0,33.59,72.15,26.48,50.34,6.4,Humid/Swing,Abandoned,0
180,Delhi (Feroz Shah Kotla),2017-03-28,ODI,monsoon,28.25,49.27,1014.12,7.32,35.27,0.0,17.19,32.14,35.9,1017.57,5.68,33.33,0.0,34.85,42.11,5.04,35.56,8.84,Flat/Batting,Completed,1
181,Lords (London),2018-06-04,Test,summer,12.84,74.79,1008.05,3.6,35.84,8.8,12.72,18.55,63.11,1009.15,1.13,45.12,0.0,18.81,67.33,0.0,27.12,3.42,Humid/Swing,Completed,1
182,Delhi (Feroz Shah Kotla),2015-04-07,T20,summer,30.82,50.81,1032.78,41.36,47.73,0.0,17.2,34.86,47.96,1032.67,41.2,42.09,0.0,37.48,41.18,0.0,37.43,42.92,Flat/Batting,Completed,1
183,Delhi (Feroz Shah Kotla),2019-06-21,ODI,summer,35.56,48.73,1007.58,13.41,46.66,0.0,17.45,37.87,46.59,1009.01,18.04,20.82,0.0,41.48,40.82,2.91,30.67,13.04,Flat/Batting,Completed,1
184,Bengaluru (Chinnaswamy),2024-09-10,Test,monsoon,16.3,64.76,1014.66,8.32,64.44,3.25,14.38,18.92,50.58,1015.24,13.49,37.94,1.16,20.69,55.1,21.68,56.74,8.59,Flat/Batting,Abandoned,0
185,Bengaluru (Chinnaswamy),2018-12-09,T20,winter,15.25,63.65,1015.97,45.78,20.62,7.09,13.01,18.0,61.87,1021.34,42.93,38.31,0.0,20.65,57.66,0.43,26.37,44.39,Flat/Batting,Completed,1
186,SCG (Sydney),2019-06-26,T20,winter,13.52,59.68,1003.98,28.19,59.41,0.0,16.27,16.57,59.68,1008.36,27.79,51.75,0.0,18.62,56.08,16.5,65.7,27.41,Flat/Batting,Rain Interrupted,0
187,SCG (Sydney),2018-09-18,Test,monsoon,20.28,64.48,1016.76,19.85,45.44,0.0,15.0,21.24,57.63,1024.3,20.32,38.77,0.0,25.4,54.79,2.61,37.05,20.47,Flat/Batting,Completed,1
188,Chennai (Chepauk),2024-11-01,ODI,monsoon,25.1,76.76,1008.84,3.87,53.77,19.04,9.21,28.33,60.79,1003.15,1.22,68.52,0.96,30.39,66.21,9.87,44.96,3.96,Wet/Green,Rain Interrupted,0
189,Kolkata (Eden Gardens),2021-07-06,ODI,monsoon,27.88,72.98,1015.98,2.71,73.03,0.08,14.63,32.5,72.32,1013.51,1.83,52.98,0.0,33.05,64.6,24.71,51.39,1.85,Humid/Swing,Rain Interrupted,0
190,Mumbai (Wankhede),2016-03-20,T20,monsoon,28.8,79.68,1006.25,5.03,34.93,0.0,13.24,29.96,68.53,1006.14,4.54,47.77,0.0,33.96,73.45,0.0,42.65,3.69,Humid/Swing,Completed,1
191,The Oval (London),2018-11-16,T20,monsoon,7.14,76.01,1006.17,4.32,58.78,3.37,13.18,13.45,65.43,1011.17,0.43,60.02,21.57,13.03,68.21,35.21,56.01,4.69,Humid/Swing,Abandoned,0
192,Lords (London),2019-11-23,T20,monsoon,7.21,77.29,1017.84,9.75,57.2,12.21,11.04,13.03,78.26,1020.73,9.8,58.53,2.64,13.51,70.49,10.12,60.55,10.02,Humid/Swing,Rain Interrupted,0
193,SCG (Sydney),2016-04-18,ODI,monsoon,19.62,60.15,1014.15,2.49,43.68,0.0,16.1,23.51,55.54,1017.08,3.16,49.71,0.0,25.07,55.57,4.2,41.7,2.94,Flat/Batting,Completed,1
194,Karachi (National Stadium),2017-02-17,ODI,winter,21.81,66.36,1008.66,5.08,48.6,2.0,14.92,23.68,61.45,1007.53,0.0,30.74,0.0,27.63,60.22,13.51,41.38,4.17,Humid/Swing,Completed,1
195,Mumbai (Wankhede),2022-12-13,ODI,winter,21.08,80.02,1016.27,26.89,39.2,0.0,14.1,23.65,70.43,1014.76,31.84,14.63,0.0,27.09,72.43,20.05,35.32,25.82,Humid/Swing,Rain Interrupted,0
196,Mumbai (Wankhede),2020-10-30,T20,monsoon,28.91,78.92,1021.26,3.56,43.92,3.6,12.97,32.51,72.37,1019.06,3.45,11.61,0.0,33.56,72.64,19.15,37.14,5.75,Humid/Swing,Rain Interrupted,0
197,Bridgetown (Kensington Oval),2023-01-25,T20,winter,23.99,79.28,1012.72,2.08,32.97,8.34,11.29,27.75,67.91,1014.32,0.0,41.9,0.0,28.87,71.49,0.0,38.99,1.51,Humid/Swing,Completed,1
198,Cape Town (Newlands),2022-07-09,Test,winter,13.09,57.67,1014.98,8.82,59.53,4.38,15.27,16.09,53.65,1012.29,13.19,72.51,0.0,18.08,53.72,59.23,62.66,8.62,Flat/Batting,Abandoned,0
199,Lords (London),2019-11-02,Test,monsoon,9.37,77.97,1005.08,8.75,62.36,10.27,11.1,10.71,70.58,1004.88,8.59,79.87,0.0,15.33,68.08,11.63,57.47,6.79,Humid/Swing,Rain Interrupted,0
200,Bridgetown (Kensington Oval),2018-09-14,T20,monsoon,26.94,85.73,1011.2,19.6,62.85,10.17,10.02,28.58,85.27,1013.15,17.98,75.64,11.16,32.14,73.51,27.41,60.5,19.05,Wet/Green,Rain Interrupted,0
201,Lords (London),2022-06-10,Test,summer,16.16,76.3,1014.58,2.26,45.97,0.0,13.85,18.94,70.28,1013.86,0.0,45.85,0.0,22.56,65.72,3.86,42.45,1.42,Humid/Swing,Completed,1
202,Cape Town (Newlands),2018-05-15,T20,monsoon,21.27,63.0,1015.96,1.42,71.21,6.75,13.46,21.56,47.69,1021.16,4.17,75.38,0.0,25.65,53.54,32.35,62.19,2.63,Flat/Batting,Rain Interrupted,0
203,Bengaluru (Chinnaswamy),2022-06-24,ODI,summer,26.9,65.59,1020.54,16.08,68.21,12.98,12.14,28.21,56.99,1027.09,18.4,57.63,0.0,32.13,56.4,12.67,55.83,16.92,Wet/Green,Rain Interrupted,0
204,Lords (London),2019-07-07,T20,monsoon,11.74,72.68,1010.24,9.61,41.11,0.69,13.46,15.21,77.24,1003.62,8.7,39.85,0.0,16.63,67.54,7.18,36.61,11.1,Humid/Swing,Completed,1
205,Bengaluru (Chinnaswamy),2021-03-20,Test,monsoon,15.88,63.11,997.31,10.87,28.76,1.44,15.1,19.27,58.23,1000.32,11.22,44.11,0.0,20.95,55.75,0.0,38.43,10.27,Flat/Batting,Completed,1
206,Delhi (Feroz Shah Kotla),2019-09-19,T20,monsoon,22.98,48.7,1013.28,16.86,32.74,0.0,17.04,25.23,42.01,1015.53,20.39,19.88,0.0,28.36,42.28,0.0,48.37,16.26,Flat/Batting,Completed,1
207,The Oval (London),2022-08-06,T20,monsoon,14.4,76.36,1009.09,3.07,37.04,0.0,14.49,16.76,76.33,1012.91,2.4,46.31,0.0,20.15,68.64,3.39,42.65,4.66,Humid/Swing,Completed,1
208,Kolkata (Eden Gardens),2021-11-26,T20,monsoon,31.75,73.39,998.21,11.31,61.72,0.0,14.64,33.36,59.38,994.75,16.88,38.21,0.0,36.72,63.61,0.0,38.84,13.59,Humid/Swing,Completed,1
209,Bengaluru (Chinnaswamy),2019-07-22,T20,monsoon,22.78,62.54,1012.5,16.39,53.13,0.85,15.57,25.13,71.1,1015.99,25.39,19.05,0.0,27.42,58.06,11.58,31.92,19.51,Flat/Batting,Completed,1
210,Mumbai (Wankhede),2018-05-29,ODI,summer,31.79,81.08,1021.66,5.84,53.28,0.0,13.69,35.73,71.76,1025.37,4.27,55.67,0.0,37.34,70.78,0.0,58.93,5.94,Humid/Swing,Completed,1
211,Delhi (Feroz Shah Kotla),2019-10-27,T20,monsoon,26.84,49.19,998.58,3.56,21.74,0.56,16.95,28.3,41.69,998.09,2.19,20.87,0.0,30.6,39.67,10.28,48.95,7.09,Flat/Batting,Completed,1
212,Karachi (National Stadium),2022-05-05,ODI,summer,27.65,68.3,1001.51,56.84,54.1,0.0,15.15,29.52,61.14,995.92,62.03,14.09,0.0,32.12,60.38,0.74,35.7,55.56,Humid/Swing,Completed,1
213,MCG (Melbourne),2019-12-15,ODI,summer,20.19,59.38,1009.2,8.67,49.72,3.53,15.64,24.64,57.97,1007.91,6.31,80.95,0.0,26.0,51.43,0.11,46.43,8.11,Flat/Batting,Completed,1
214,Bridgetown (Kensington Oval),2017-05-25,T20,summer,27.03,83.46,992.24,58.48,39.61,1.69,12.6,29.59,76.09,991.86,50.21,72.53,0.0,32.54,74.8,0.0,43.41,55.66,Humid/Swing,Completed,1
215,MCG (Melbourne),2023-11-26,T20,monsoon,14.67,60.4,1002.14,13.1,37.28,0.0,16.57,18.1,52.62,1000.9,10.99,54.95,0.0,20.64,52.92,0.0,40.28,12.59,Flat/Batting,Completed,1
216,Kolkata (Eden Gardens),2022-05-22,Test,summer,25.91,75.38,998.27,1.72,44.58,2.01,13.85,26.22,73.15,998.95,0.0,38.59,0.0,31.29,64.24,0.0,49.39,2.69,Humid/Swing,Completed,1
217,Bengaluru (Chinnaswamy),2020-10-12,T20,monsoon,14.71,62.68,1007.41,10.77,54.73,40.62,6.75,18.53,54.74,1005.97,7.34,53.27,0.0,21.04,54.79,23.59,62.57,8.99,Wet/Green,Abandoned,0
218,Bridgetown (Kensington Oval),2021-12-11,ODI,winter,23.08,81.68,1010.56,15.21,36.98,0.0,13.87,28.14,79.71,1016.03,11.52,11.48,0.0,29.52,76.22,0.0,33.72,15.57,Humid/Swing,Completed,1
219,Chennai (Chepauk),2024-03-06,Test,monsoon,23.03,74.74,1018.86,4.0,41.05,0.0,14.85,25.4,70.76,1015.56,0.0,47.34,0.0,29.05,65.09,1.88,44.29,1.97,Humid/Swing,Completed,1
220,Bridgetown (Kensington Oval),2018-06-25,Test,summer,27.96,85.0,1010.74,9.65,48.94,7.89,10.26,30.72,73.67,1007.54,7.55,73.42,0.0,33.12,72.49,31.8,58.86,8.5,Humid/Swing,Abandoned,0
221,Delhi (Feroz Shah Kotla),2016-08-26,Test,monsoon,24.16,50.63,1018.35,41.92,73.74,23.58,12.76,27.27,39.36,1018.85,41.28,64.87,7.7,30.02,39.19,28.65,62.91,42.17,Wet/Green,Abandoned,0
222,Mumbai (Wankhede),2017-09-29,ODI,monsoon,25.73,80.72,1019.11,5.05,52.1,13.54,9.59,29.52,64.64,1017.02,9.02,89.73,0.0,31.55,70.39,17.55,67.76,5.49,Humid/Swing,Rain Interrupted,0
223,Karachi (National Stadium),2024-07-12,Test,monsoon,26.95,71.64,1007.51,1.93,68.26,10.66,11.15,27.69,65.11,1004.35,2.71,79.82,0.0,32.05,61.88,7.26,52.43,3.06,Humid/Swing,Rain Interrupted,0
224,MCG (Melbourne),2019-08-25,T20,winter,6.56,57.53,1017.46,8.45,65.23,0.0,15.99,8.76,48.88,1017.16,12.7,35.92,0.0,13.05,50.54,9.91,60.54,7.5,Flat/Batting,Completed,1
225,Karachi (National Stadium),2017-03-07,T20,monsoon,25.52,72.31,1010.32,3.3,55.05,0.0,14.92,28.87,71.12,1012.92,3.92,65.57,0.0,31.73,63.49,15.98,41.78,1.66,Humid/Swing,Completed,1
226,Cape Town (Newlands),2019-04-22,ODI,monsoon,16.46,57.21,1022.24,5.68,42.89,0.79,15.7,16.63,62.32,1019.28,4.35,56.54,0.0,21.97,54.04,0.0,40.16,5.01,Flat/Batting,Completed,1
227,The Oval (London),2017-09-26,Test,monsoon,8.76,78.66,1004.88,18.01,44.88,0.0,14.5,13.44,66.64,1003.04,18.39,47.3,0.0,14.26,69.07,0.0,50.1,17.05,Humid/Swing,Completed,1
228,Bridgetown (Kensington Oval),2022-09-17,Test,monsoon,22.05,85.56,1021.36,5.0,61.43,1.04,13.4,24.66,80.1,1019.7,6.1,54.68,0.0,28.6,75.34,30.31,59.51,6.16,Wet/Green,Rain Interrupted,0
229,Chennai (Chepauk),2023-09-24,ODI,monsoon,22.94,71.57,1012.04,5.68,43.8,0.0,15.15,26.02,68.66,1012.77,2.61,43.75,0.0,28.28,63.97,0.0,34.76,2.86,Humid/Swing,Completed,1
230,Delhi (Feroz Shah Kotla),2016-12-21,T20,winter,11.44,46.5,1018.26,11.77,31.85,0.0,16.78,13.95,50.94,1019.35,13.56,7.18,0.0,15.75,41.88,0.0,38.49,11.36,Flat/Batting,Completed,1
231,SCG (Sydney),2020-03-17,Test,monsoon,17.17,61.69,1015.86,3.5,50.28,0.0,15.91,21.88,57.43,1009.86,3.08,30.46,0.0,22.98,54.78,30.81,36.72,2.84,Flat/Batting,Rain Interrupted,0
232,SCG (Sydney),2017-10-17,Test,monsoon,19.73,69.13,1006.93,15.3,37.19,3.15,14.16,22.08,46.31,1007.4,13.74,41.7,0.0,25.29,54.35,0.0,54.91,13.0,Humid/Swing,Completed,1
233,MCG (Melbourne),2016-06-30,ODI,winter,10.71,58.67,999.61,1.74,42.44,0.0,16.46,13.1,60.97,999.82,0.0,60.09,0.0,16.29,54.8,0.0,40.56,2.32,Flat/Batting,Completed,1
234,Bridgetown (Kensington Oval),2020-12-15,T20,winter,22.7,83.15,1008.51,6.87,30.88,0.0,14.0,26.58,77.18,1007.44,9.83,14.89,0.0,28.47,74.82,22.23,38.48,7.67,Humid/Swing,Rain Interrupted,0
235,Karachi (National Stadium),2018-07-23,ODI,monsoon,30.95,70.58,1006.2,0.45,49.4,3.28,13.47,36.51,66.01,1003.6,0.57,72.47,0.0,37.77,60.75,4.46,60.19,1.74,Humid/Swing,Completed,1
236,Karachi (National Stadium),2024-02-21,T20,winter,16.77,70.94,1010.18,3.24,49.11,0.0,14.79,19.65,65.38,1012.18,0.37,65.45,0.0,22.78,60.9,0.0,43.89,2.38,Humid/Swing,Completed,1
237,SCG (Sydney),2019-10-14,T20,monsoon,15.96,62.76,1015.27,17.83,48.19,4.29,14.42,18.26,61.26,1019.22,22.63,29.36,0.0,20.32,57.68,3.04,28.78,19.09,Flat/Batting,Completed,1
238,MCG (Melbourne),2016-10-13,T20,monsoon,14.04,57.05,1008.63,2.29,37.15,0.0,16.2,18.4,62.25,1006.74,0.79,13.9,0.0,19.95,53.73,0.85,37.49,2.88,Flat/Batting,Completed,1
239,MCG (Melbourne),2020-01-18,ODI,summer,21.87,56.56,1006.54,3.54,48.63,9.38,13.37,23.51,53.45,1000.73,0.0,22.99,0.0,27.46,50.88,0.0,26.06,2.63,Flat/Batting,Delayed Start,1
240,Delhi (Feroz Shah Kotla),2024-06-02,T20,summer,36.8,52.36,1019.06,4.86,49.09,15.66,14.68,39.54,40.58,1020.34,7.1,79.24,0.0,42.66,40.9,3.47,48.52,4.32,Flat/Batting,Completed,1
241,Bengaluru (Chinnaswamy),2023-08-03,T20,monsoon,20.3,67.66,1007.25,1.89,48.34,0.0,15.62,23.22,58.34,1010.12,6.6,42.04,0.0,25.95,55.6,10.29,39.29,2.54,Humid/Swing,Completed,1
242,MCG (Melbourne),2022-01-11,Test,summer,30.59,61.38,1020.82,11.33,39.58,0.0,15.41,32.5,56.13,1013.72,10.05,27.42,0.0,35.96,53.16,12.18,32.83,13.69,Flat/Batting,Completed,1
243,Bengaluru (Chinnaswamy),2019-12-07,Test,winter,19.81,65.66,1028.64,3.96,34.28,5.92,13.25,22.36,57.19,1029.07,5.62,55.56,0.0,25.35,56.15,0.0,29.44,3.48,Humid/Swing,Completed,1
244,Cape Town (Newlands),2018-03-16,Test,monsoon,12.67,58.36,1006.19,11.91,32.71,0.0,15.47,16.86,51.64,1004.45,9.91,52.5,0.0,18.32,50.63,10.43,47.62,11.32,Flat/Batting,Completed,1
245,Bengaluru (Chinnaswamy),2018-10-07,ODI,monsoon,22.72,67.71,1012.61,13.48,58.62,13.75,12.91,24.26,62.59,1015.2,15.08,61.21,0.0,28.08,52.31,30.73,62.51,12.41,Wet/Green,Abandoned,0
246,SCG (Sydney),2015-11-27,Test,monsoon,16.34,66.69,1010.69,5.03,34.86,0.0,15.43,18.47,58.67,1014.65,5.95,10.95,0.0,21.63,53.38,3.77,32.32,4.99,Humid/Swing,Completed,1
247,Kolkata (Eden Gardens),2017-08-05,ODI,monsoon,31.15,72.12,1019.84,37.82,61.72,5.84,12.91,31.35,68.98,1017.28,37.38,43.66,10.55,36.18,61.98,28.4,61.2,34.79,Humid/Swing,Rain Interrupted,0
248,Cape Town (Newlands),2016-09-17,T20,monsoon,21.39,59.62,1009.7,17.08,43.33,0.0,15.68,24.55,55.73,1007.29,17.94,29.45,0.0,25.86,51.28,8.29,36.18,14.79,Flat/Batting,Completed,1
249,Delhi (Feroz Shah Kotla),2015-09-21,ODI,monsoon,23.71,48.89,1005.6,9.94,59.73,3.18,16.6,24.99,37.79,1006.06,2.37,16.25,0.0,29.36,40.71,12.01,41.58,9.09,Flat/Batting,Rain Interrupted,0
250,The Oval (London),2018-09-17,T20,monsoon,13.71,77.55,1020.49,23.99,40.55,6.26,12.85,16.19,82.75,1022.61,22.41,34.86,0.0,18.95,67.74,0.0,39.05,24.84,Humid/Swing,Completed,1
251,MCG (Melbourne),2019-08-31,Test,winter,5.69,59.02,1011.22,9.87,54.72,2.36,15.68,10.7,58.16,1016.04,9.73,53.58,0.68,11.46,52.1,10.48,72.3,9.49,Flat/Batting,Rain Interrupted,0
252,Delhi (Feroz Shah Kotla),2024-05-04,ODI,summer,30.68,47.32,1011.78,25.25,50.06,0.0,17.24,33.47,50.58,1013.27,23.03,30.57,0.0,35.44,42.37,0.0,38.13,26.99,Flat/Batting,Completed,1
253,The Oval (London),2023-08-20,T20,monsoon,13.56,82.31,1026.09,1.79,30.51,0.0,14.3,14.97,78.51,1020.73,0.0,47.34,0.0,18.54,71.58,0.0,36.3,2.59,Humid/Swing,Completed,1
254,Cape Town (Newlands),2015-03-22,T20,monsoon,19.43,59.98,1004.75,2.78,29.91,0.0,15.95,22.31,49.54,997.55,0.4,17.12,0.0,24.77,53.02,0.0,33.79,1.84,Flat/Batting,Completed,1
255,The Oval (London),2020-05-07,Test,summer,18.98,78.16,1001.19,21.68,48.65,0.0,14.44,24.32,73.72,1001.59,23.9,47.66,0.0,25.92,70.53,15.89,37.54,23.27,Humid/Swing,Completed,1
256,Lords (London),2018-05-08,ODI,summer,17.44,75.83,1023.87,24.27,37.18,0.0,14.08,20.04,72.6,1030.12,21.93,25.61,8.28,22.37,68.99,8.28,43.92,21.42,Humid/Swing,Completed,1
257,The Oval (London),2021-01-13,T20,winter,2.84,78.36,1023.2,16.19,71.28,10.52,10.95,8.47,76.85,1010.93,24.76,60.06,6.09,8.8,69.11,26.65,56.08,16.0,Humid/Swing,Abandoned,0
258,Cape Town (Newlands),2021-02-14,T20,summer,26.68,58.6,1018.67,3.12,45.11,1.04,15.86,28.0,51.47,1020.39,3.51,30.14,0.0,31.01,48.81,0.0,49.39,3.19,Flat/Batting,Completed,1
259,Delhi (Feroz Shah Kotla),2020-06-22,Test,summer,30.12,51.3,1014.34,8.55,37.42,0.0,16.62,35.09,53.51,1020.05,9.02,7.78,0.0,36.13,41.88,8.62,37.93,7.61,Flat/Batting,Completed,1
260,Bengaluru (Chinnaswamy),2019-11-21,ODI,monsoon,15.87,64.01,999.66,9.79,26.66,0.0,15.29,19.47,54.49,997.74,8.62,61.69,0.0,21.94,55.38,15.38,43.1,8.65,Flat/Batting,Completed,1
261,Mumbai (Wankhede),2019-05-12,ODI,summer,28.93,81.76,997.39,16.49,49.85,0.0,14.0,30.53,76.35,999.32,12.95,19.4,0.0,34.03,71.6,0.0,40.26,17.11,Humid/Swing,Completed,1
262,Bridgetown (Kensington Oval),2022-08-13,ODI,monsoon,23.42,76.8,1018.23,2.08,61.79,4.64,12.86,26.97,82.32,1017.3,1.26,54.53,0.0,29.06,72.92,7.43,60.61,1.06,Humid/Swing,Completed,1
263,Cape Town (Newlands),2016-11-07,ODI,monsoon,18.75,59.33,1001.64,2.61,33.02,0.0,16.44,22.3,52.24,1000.12,2.24,54.65,0.0,24.51,51.75,0.0,38.0,3.33,Flat/Batting,Completed,1
264,Kolkata (Eden Gardens),2021-12-23,T20,winter,19.46,72.79,1011.16,6.28,56.06,0.0,14.2,22.26,70.89,1013.89,3.22,28.1,0.0,24.56,62.52,0.56,39.74,7.46,Humid/Swing,Completed,1
265,Mumbai (Wankhede),2019-06-02,T20,summer,28.65,82.85,1013.64,26.79,58.61,0.0,14.04,30.83,64.85,1018.64,25.77,76.9,0.0,33.99,71.96,65.22,53.97,24.42,Humid/Swing,Abandoned,0
266,Karachi (National Stadium),2022-06-08,Test,summer,30.17,69.46,1019.35,28.81,46.02,0.0,14.89,33.48,54.73,1020.06,28.71,27.24,0.0,35.9,58.65,0.0,46.7,31.05,Humid/Swing,Completed,1
267,Chennai (Chepauk),2022-03-17,ODI,monsoon,29.32,75.21,1029.74,2.14,40.29,0.0,13.98,30.97,72.66,1030.27,0.0,70.48,0.0,34.31,67.83,12.86,36.85,2.32,Humid/Swing,Completed,1
268,Kolkata (Eden Gardens),2024-09-20,ODI,monsoon,29.52,72.6,1015.25,26.58,33.88,0.0,14.73,30.49,60.86,1009.67,28.87,62.96,0.0,35.18,63.44,1.21,43.78,28.88,Humid/Swing,Completed,1
269,Kolkata (Eden Gardens),2015-07-25,ODI,monsoon,27.63,70.03,1001.33,6.9,61.75,10.55,11.17,30.35,76.16,1003.83,5.75,27.48,10.61,33.57,64.43,17.65,57.53,7.17,Humid/Swing,Rain Interrupted,0
270,The Oval (London),2018-09-02,Test,monsoon,14.74,77.21,1001.78,10.04,22.76,0.0,14.19,17.22,67.93,1002.72,17.62,21.56,0.0,19.83,67.71,0.0,44.53,9.85,Humid/Swing,Completed,1
271,MCG (Melbourne),2018-08-31,ODI,winter,6.44,62.49,1013.84,1.69,71.09,19.32,10.83,8.58,53.82,1015.94,0.0,68.5,19.4,11.3,52.04,27.84,58.19,2.86,Wet/Green,Abandoned,0
272,The Oval (London),2018-02-13,ODI,winter,0.57,76.45,1018.78,2.4,63.44,5.91,12.02,3.25,74.32,1014.08,3.42,76.15,0.0,6.25,69.18,20.04,62.41,2.01,Humid/Swing,Rain Interrupted,0
273,Bengaluru (Chinnaswamy),2024-05-12,Test,summer,25.05,65.95,1010.92,29.14,58.47,20.87,11.35,26.57,59.12,1007.74,31.12,62.06,0.0,30.1,54.33,18.75,62.15,29.2,Wet/Green,Rain Interrupted,0
274,MCG (Melbourne),2015-03-21,T20,monsoon,10.08,58.77,1020.03,7.74,49.54,0.0,16.13,13.33,50.23,1023.7,9.92,37.84,0.0,15.76,51.27,4.37,36.98,6.86,Flat/Batting,Completed,1
275,SCG (Sydney),2015-08-02,ODI,winter,10.1,63.29,1028.62,25.24,62.34,3.79,13.98,9.28,66.68,1027.98,28.71,89.07,1.79,14.24,55.89,36.05,60.57,27.54,Flat/Batting,Rain Interrupted,0
276,Delhi (Feroz Shah Kotla),2022-04-16,Test,summer,38.29,50.12,1028.31,67.12,38.57,3.41,16.23,41.52,37.06,1032.46,75.2,56.46,0.0,43.37,40.67,0.0,38.73,68.98,Flat/Batting,Completed,1
277,Bridgetown (Kensington Oval),2015-06-14,Test,summer,25.03,86.16,1025.22,6.45,52.08,20.22,8.31,26.03,74.07,1023.17,15.87,96.5,0.0,29.93,72.89,6.37,53.78,10.74,Wet/Green,Rain Interrupted,0
278,Delhi (Feroz Shah Kotla),2017-03-27,Test,monsoon,26.56,46.39,1019.13,8.67,45.82,0.0,17.26,27.37,46.49,1017.03,5.45,26.9,0.0,31.6,40.6,0.74,31.32,8.39,Flat/Batting,Completed,1
279,Karachi (National Stadium),2016-09-16,Test,monsoon,33.37,67.82,1019.98,6.24,42.47,0.0,15.44,36.83,60.58,1021.08,4.07,25.62,0.0,37.92,60.43,12.43,47.1,4.8,Humid/Swing,Completed,1
280,Kolkata (Eden Gardens),2020-04-23,T20,summer,35.1,70.53,1008.21,2.62,41.67,0.0,14.63,38.85,70.87,1007.08,3.74,39.52,0.0,40.11,66.02,12.9,38.63,1.76,Humid/Swing,Completed,1
281,Chennai (Chepauk),2021-04-29,Test,summer,30.38,76.74,1018.15,17.05,51.42,0.0,14.24,34.47,66.94,1016.63,19.65,9.25,0.0,36.5,66.18,13.5,44.12,16.43,Humid/Swing,Completed,1
282,MCG (Melbourne),2022-11-05,ODI,monsoon,17.26,60.06,1013.96,25.64,51.43,10.18,14.03,20.18,65.14,1017.76,25.72,47.35,0.0,22.76,52.79,8.03,44.94,26.46,Flat/Batting,Rain Interrupted,0
283,Lords (London),2016-11-18,T20,monsoon,8.8,75.36,1009.49,1.93,58.13,22.31,11.0,12.71,69.16,1011.03,3.8,38.96,0.0,14.52,68.02,7.86,60.83,0.85,Humid/Swing,Rain Interrupted,0
284,Karachi (National Stadium),2023-05-22,T20,summer,30.06,65.1,1015.01,11.02,43.1,13.37,12.95,32.27,72.38,1016.12,12.17,23.14,0.0,36.27,59.03,11.24,30.89,10.62,Humid/Swing,Rain Interrupted,0
285,Chennai (Chepauk),2023-09-21,Test,monsoon,27.16,73.22,1001.1,12.52,27.26,0.0,14.9,28.41,71.75,1000.16,12.02,80.51,0.0,32.62,67.66,36.34,32.25,11.2,Humid/Swing,Rain Interrupted,0
286,Bengaluru (Chinnaswamy),2016-03-18,T20,monsoon,16.89,62.73,1011.64,32.55,38.01,0.0,16.4,19.87,58.95,1015.73,33.55,67.18,0.0,21.7,54.42,5.05,43.01,31.85,Flat/Batting,Completed,1
287,Mumbai (Wankhede),2018-07-01,T20,monsoon,24.1,78.98,1013.78,3.34,49.76,10.93,10.8,28.29,66.67,1013.19,5.01,81.64,6.44,29.8,71.72,11.68,63.16,4.91,Humid/Swing,Rain Interrupted,0
288,Bridgetown (Kensington Oval),2019-03-18,ODI,monsoon,26.22,81.24,1008.44,10.38,27.24,0.17,13.19,25.48,79.73,1004.56,11.96,40.53,0.0,31.11,77.71,7.7,50.65,9.7,Humid/Swing,Completed,1
289,Cape Town (Newlands),2017-03-23,Test,monsoon,19.19,62.48,1012.58,18.61,30.31,0.0,15.83,20.95,50.13,1008.13,15.58,46.82,0.0,24.52,48.88,0.0,32.96,18.66,Flat/Batting,Completed,1
290,Karachi (National Stadium),2022-09-29,T20,monsoon,26.0,68.19,1011.04,1.06,47.62,3.86,14.23,29.74,68.39,1013.6,0.92,26.14,0.0,30.41,62.58,8.74,45.33,1.43,Humid/Swing,Rain Interrupted,0
291,Delhi (Feroz Shah Kotla),2016-02-22,T20,winter,3.31,50.35,1029.62,5.69,38.9,0.0,17.28,6.43,50.83,1029.99,3.94,36.67,0.0,8.45,41.34,0.91,38.65,4.02,Flat/Batting,Completed,1
292,Bengaluru (Chinnaswamy),2024-07-14,T20,monsoon,18.65,62.49,1001.39,7.85,41.37,0.0,15.34,20.1,60.97,1002.26,11.24,33.6,0.0,24.47,53.75,0.0,40.8,8.7,Flat/Batting,Completed,1
293,Karachi (National Stadium),2024-01-13,Test,winter,18.14,69.56,1015.87,1.18,58.91,0.0,15.47,22.07,61.59,1013.94,2.91,57.93,0.0,22.93,61.59,12.43,35.86,2.24,Humid/Swing,Completed,1
294,Karachi (National Stadium),2023-10-11,Test,monsoon,28.01,68.15,1020.89,1.23,51.72,0.0,14.81,31.67,66.44,1022.12,0.0,15.95,0.0,32.86,61.89,0.0,49.97,1.63,Humid/Swing,Completed,1
295,Lords (London),2020-12-22,ODI,winter,0.86,77.02,1002.5,3.32,48.35,12.59,11.0,3.01,77.57,1003.01,4.69,53.63,0.0,6.18,67.75,30.76,62.49,2.29,Wet/Green,Abandoned,0
296,Bridgetown (Kensington Oval),2019-02-26,Test,winter,24.24,80.21,1004.7,14.23,37.85,0.0,13.5,24.83,81.86,1004.91,13.03,14.8,0.0,29.39,74.01,0.0,40.36,12.66,Humid/Swing,Completed,1
297,SCG (Sydney),2022-04-06,ODI,monsoon,17.85,65.65,1016.94,6.72,36.61,0.0,15.87,21.92,56.52,1014.17,3.02,54.91,0.0,22.5,58.42,10.86,34.53,7.19,Humid/Swing,Completed,1
298,Mumbai (Wankhede),2024-07-11,ODI,monsoon,27.15,77.88,1024.32,18.78,56.46,25.97,9.78,31.06,79.5,1021.31,26.66,35.75,0.0,33.28,71.24,2.85,61.03,20.53,Humid/Swing,Rain Interrupted,0
299,MCG (Melbourne),2016-03-08,ODI,monsoon,17.8,56.47,1015.9,7.81,27.66,0.0,16.97,18.99,55.42,1018.32,5.98,40.93,0.0,23.31,49.89,0.0,36.58,6.08,Flat/Batting,Completed,1
300,Lords (London),2022-02-16,ODI,winter,0.17,75.98,1019.6,2.35,62.88,9.65,10.84,3.68,74.04,1020.88,2.37,65.49,0.0,6.76,69.88,48.86,61.47,1.66,Humid/Swing,Abandoned,0
301,Cape Town (Newlands),2016-09-18,ODI,monsoon,18.3,58.68,1004.72,62.03,64.62,2.63,15.35,19.01,55.88,1007.82,61.44,59.04,0.0,24.45,48.17,2.35,36.02,58.96,Flat/Batting,Completed,1
302,Kolkata (Eden Gardens),2023-03-25,T20,monsoon,31.97,74.68,1010.97,1.28,46.09,6.97,12.64,33.06,71.67,1007.59,1.27,43.09,0.0,37.04,63.04,4.62,46.43,1.98,Humid/Swing,Completed,1
303,Bridgetown (Kensington Oval),2018-01-11,T20,winter,25.24,84.07,1006.56,0.79,28.9,0.29,14.22,26.85,76.55,1006.08,2.56,62.88,0.0,30.29,74.36,6.0,37.36,1.39,Humid/Swing,Completed,1
304,SCG (Sydney),2023-09-08,ODI,monsoon,18.92,60.62,1001.21,15.59,36.75,0.0,16.13,22.35,61.49,1003.65,10.91,35.92,0.0,23.96,56.07,0.0,42.81,12.81,Flat/Batting,Completed,1
305,MCG (Melbourne),2019-11-20,T20,monsoon,14.38,60.8,1019.94,38.42,25.76,12.08,13.01,15.43,51.14,1015.63,34.23,87.14,0.0,18.57,50.96,0.0,58.19,34.18,Wet/Green,Completed,1
306,Karachi (National Stadium),2018-01-04,ODI,winter,22.49,71.39,1011.35,35.52,30.76,0.0,15.45,27.09,67.61,1010.99,38.49,46.17,0.0,27.71,63.87,0.0,32.7,37.33,Humid/Swing,Completed,1
307,Delhi (Feroz Shah Kotla),2024-04-25,Test,summer,29.88,45.86,1016.68,26.13,33.83,0.0,17.22,33.46,40.3,1018.4,25.89,39.59,0.0,35.45,39.63,0.0,37.08,26.09,Flat/Batting,Completed,1
308,Bengaluru (Chinnaswamy),2024-11-20,ODI,monsoon,17.61,71.14,1009.96,14.38,43.74,0.0,15.24,17.53,60.2,1010.67,15.92,40.74,0.0,21.92,58.17,11.87,40.29,11.51,Humid/Swing,Completed,1
309,Delhi (Feroz Shah Kotla),2023-06-01,ODI,summer,33.28,48.54,1014.34,6.17,51.34,4.88,15.28,35.53,41.82,1014.73,7.6,33.7,0.0,38.71,39.27,1.73,40.7,4.89,Flat/Batting,Completed,1
310,Karachi (National Stadium),2021-11-04,T20,monsoon,27.7,69.65,1025.2,2.59,30.89,0.0,15.53,31.22,63.14,1031.74,6.47,12.4,0.0,33.55,61.36,9.82,45.51,3.36,Humid/Swing,Completed,1
311,The Oval (London),2018-10-09,Test,monsoon,8.28,77.63,1010.56,5.22,51.85,5.5,12.67,9.96,72.23,1006.87,0.15,33.36,0.0,13.15,68.11,49.79,58.33,4.06,Humid/Swing,Abandoned,0
312,MCG (Melbourne),2024-07-17,ODI,winter,11.6,58.82,1012.8,14.28,59.07,0.14,16.34,15.08,48.05,1016.48,12.93,58.31,0.0,16.77,49.91,7.69,61.78,13.59,Flat/Batting,Completed,1
313,Kolkata (Eden Gardens),2020-06-20,Test,summer,30.53,73.39,1005.19,2.39,51.45,32.97,10.01,35.37,63.97,1010.14,2.83,27.4,0.0,36.38,65.45,9.35,57.69,2.21,Humid/Swing,Abandoned,0
314,Lords (London),2023-12-12,ODI,winter,1.74,76.31,1011.76,1.54,60.5,27.33,7.74,3.82,70.4,1007.69,3.94,45.98,0.0,7.37,67.55,41.03,67.71,3.57,Wet/Green,Abandoned,0
315,Lords (London),2018-02-19,T20,winter,4.88,77.27,995.61,2.14,56.45,22.59,9.11,9.87,73.21,995.51,1.18,33.6,0.0,9.9,67.15,26.66,57.27,1.78,Humid/Swing,Abandoned,0
316,Cape Town (Newlands),2024-11-13,ODI,monsoon,14.03,54.74,1008.0,9.94,45.43,0.0,16.29,15.65,39.96,1010.22,5.18,37.82,0.0,18.88,50.73,29.36,43.46,10.11,Flat/Batting,Rain Interrupted,0
317,SCG (Sydney),2015-02-11,T20,summer,22.84,62.95,1014.98,3.66,35.74,2.58,14.78,26.19,62.95,1017.31,1.94,84.29,0.0,28.54,54.36,0.0,49.41,2.03,Flat/Batting,Completed,1
318,Delhi (Feroz Shah Kotla),2015-12-17,Test,winter,6.16,49.11,1022.42,7.76,32.18,1.49,16.68,7.6,42.33,1024.11,8.07,74.47,0.0,11.81,41.27,19.54,40.55,7.54,Flat/Batting,Rain Interrupted,0
319,Cape Town (Newlands),2019-07-23,ODI,winter,14.38,62.85,1015.6,9.31,64.67,3.26,14.85,16.36,61.16,1011.46,8.08,75.64,0.0,18.93,54.32,30.13,63.46,10.5,Flat/Batting,Rain Interrupted,0
320,SCG (Sydney),2023-07-03,Test,winter,14.85,62.84,1012.18,6.57,58.46,11.29,12.23,16.6,60.18,1007.87,6.24,50.6,0.0,20.81,55.24,31.51,66.75,5.42,Flat/Batting,Abandoned,0
321,Cape Town (Newlands),2020-05-04,T20,monsoon,20.28,57.46,1009.64,8.74,57.59,5.56,13.88,24.85,51.26,1011.64,4.2,89.11,2.97,25.5,50.8,20.45,61.96,6.02,Flat/Batting,Rain Interrupted,0
322,Cape Town (Newlands),2020-07-03,ODI,winter,13.08,58.88,1004.99,18.26,63.76,4.39,14.94,16.27,53.0,1008.92,18.2,85.55,0.0,18.95,50.28,12.54,60.91,18.59,Flat/Batting,Rain Interrupted,0
323,Mumbai (Wankhede),2016-01-17,ODI,winter,23.2,78.79,1002.57,5.68,49.7,0.0,12.82,25.47,71.85,1007.54,4.85,38.47,0.0,28.32,71.4,10.36,47.97,6.19,Humid/Swing,Completed,1
324,Delhi (Feroz Shah Kotla),2019-07-15,T20,monsoon,23.29,46.46,1011.03,10.14,33.04,19.56,10.43,25.09,47.41,1011.33,5.28,8.39,0.79,28.38,43.69,12.44,66.91,6.72,Wet/Green,Rain Interrupted,0
325,Delhi (Feroz Shah Kotla),2018-06-08,T20,summer,31.15,51.56,1012.06,37.81,59.43,7.13,13.87,32.23,45.32,1009.79,35.43,56.76,0.0,35.93,41.98,0.0,50.39,36.51,Flat/Batting,Completed,1
326,Karachi (National Stadium),2019-02-20,ODI,winter,13.56,66.48,1008.67,22.71,25.59,16.44,12.44,16.0,55.96,1009.38,22.48,9.68,0.0,18.79,59.37,12.78,37.2,23.05,Wet/Green,Rain Interrupted,0
327,SCG (Sydney),2020-12-14,ODI,summer,19.12,64.46,1021.34,47.83,34.81,0.0,15.88,24.06,63.85,1022.27,50.68,48.56,0.0,24.94,54.34,7.35,34.64,49.9,Flat/Batting,Completed,1
328,The Oval (London),2023-05-14,T20,summer,16.57,76.25,1031.69,1.96,38.13,15.35,11.14,19.01,72.44,1029.4,2.87,64.4,0.0,20.73,71.4,0.0,37.12,1.67,Humid/Swing,Completed,1
329,Lords (London),2018-12-12,T20,winter,-0.13,77.21,1005.75,2.8,53.18,3.48,12.93,1.48,75.03,1012.36,2.19,83.45,0.72,5.75,66.29,33.8,68.93,2.3,Humid/Swing,Rain Interrupted,0
330,MCG (Melbourne),2018-01-14,ODI,summer,20.41,54.31,1021.82,0.26,51.8,0.0,16.24,24.45,56.86,1024.21,0.0,38.73,0.0,26.83,52.3,0.12,29.71,0.96,Flat/Batting,Completed,1
331,Bengaluru (Chinnaswamy),2017-08-02,Test,monsoon,15.78,60.42,1016.49,4.95,45.19,17.19,10.06,18.01,68.75,1013.86,4.2,60.08,0.0,20.6,59.19,0.0,36.56,4.69,Flat/Batting,Completed,1
332,Cape Town (Newlands),2017-02-27,ODI,summer,22.12,58.8,1027.49,1.81,50.95,0.0,16.26,25.82,56.8,1029.85,4.54,34.24,0.0,27.85,48.62,10.24,43.86,1.79,Flat/Batting,Completed,1
333,Chennai (Chepauk),2023-05-01,T20,summer,27.34,74.82,1006.46,34.59,22.17,3.84,13.16,29.94,71.26,1004.2,34.63,20.06,0.0,32.75,64.39,6.23,35.84,36.45,Humid/Swing,Completed,1
334,Cape Town (Newlands),2017-01-28,Test,summer,27.5,54.84,1034.28,6.24,33.94,0.0,16.83,29.48,52.85,1040.66,3.03,17.54,0.0,32.86,49.78,7.57,34.04,8.26,Flat/Batting,Completed,1
335,Delhi (Feroz Shah Kotla),2023-04-14,ODI,summer,30.8,44.94,1024.14,1.68,31.42,0.0,16.76,32.15,46.8,1019.07,0.13,56.67,0.0,35.42,40.1,0.0,43.35,2.96,Flat/Batting,Completed,1
336,Bengaluru (Chinnaswamy),2023-02-15,T20,winter,22.32,65.74,1018.24,27.63,28.42,6.18,13.7,24.59,59.57,1019.1,22.56,18.27,0.0,27.91,57.05,8.18,34.29,25.07,Humid/Swing,Completed,1
337,SCG (Sydney),2021-09-10,ODI,monsoon,17.21,64.47,1014.99,12.24,44.27,1.33,15.77,19.88,63.92,1014.16,18.56,38.3,0.0,23.24,55.25,1.93,43.57,13.73,Flat/Batting,Completed,1
338,Chennai (Chepauk),2024-05-03,Test,summer,27.89,73.71,1000.83,7.48,41.98,0.0,14.74,30.51,69.5,998.71,6.83,48.73,0.0,33.11,66.5,7.06,40.5,6.55,Humid/Swing,Completed,1
339,Bengaluru (Chinnaswamy),2017-07-20,ODI,monsoon,19.09,65.02,1027.29,5.72,45.33,9.83,12.72,20.2,62.28,1025.94,9.22,53.5,0.0,23.46,54.57,0.0,44.31,7.45,Humid/Swing,Delayed Start,1
340,Kolkata (Eden Gardens),2018-05-23,Test,summer,29.46,78.99,1020.51,26.82,43.88,26.0,11.13,32.7,60.88,1016.69,24.48,28.7,0.0,36.12,59.99,0.0,33.67,27.59,Humid/Swing,Rain Interrupted,0
341,Cape Town (Newlands),2020-12-27,Test,summer,24.25,59.38,1026.84,18.49,37.51,0.0,15.58,29.64,48.96,1026.56,18.39,72.16,0.0,30.06,52.6,11.61,46.9,17.27,Flat/Batting,Completed,1
342,Bengaluru (Chinnaswamy),2015-07-06,Test,monsoon,16.04,64.92,1029.79,58.45,26.41,0.0,15.21,18.71,56.05,1033.2,57.04,19.3,0.0,21.98,54.69,0.0,39.24,58.8,Flat/Batting,Completed,1
343,SCG (Sydney),2018-04-11,T20,monsoon,16.49,68.15,1013.68,2.3,28.14,2.16,14.68,17.17,67.47,1015.98,3.38,25.04,0.0,20.8,57.26,0.0,37.15,3.88,Humid/Swing,Completed,1
344,Kolkata (Eden Gardens),2022-02-25,ODI,winter,15.08,72.92,1021.38,2.22,36.51,0.0,14.95,17.9,64.53,1025.4,4.4,34.82,0.0,20.43,63.72,0.47,47.19,2.68,Humid/Swing,Completed,1
345,Chennai (Chepauk),2024-10-14,Test,monsoon,28.38,70.09,1010.18,21.47,75.81,2.62,14.81,29.66,75.6,1007.49,26.09,60.42,0.0,33.05,67.98,9.4,68.41,23.97,Humid/Swing,Completed,1
346,Karachi (National Stadium),2018-03-10,ODI,monsoon,31.51,71.7,1007.04,7.82,30.68,3.22,13.84,35.73,68.06,1002.33,9.13,73.21,0.0,37.07,61.54,0.76,42.93,6.11,Humid/Swing,Completed,1
347,MCG (Melbourne),2019-12-10,ODI,summer,30.22,61.58,1011.78,4.24,31.89,0.0,15.4,35.41,62.5,1011.21,7.3,2.17,0.0,36.4,52.93,11.44,41.34,5.24,Flat/Batting,Completed,1
348,Kolkata (Eden Gardens),2015-07-30,ODI,monsoon,28.03,77.4,1015.36,6.09,66.82,21.61,11.58,33.05,72.93,1018.36,11.58,46.88,13.21,33.82,65.45,31.02,46.22,7.49,Wet/Green,Abandoned,0
349,MCG (Melbourne),2016-04-12,Test,monsoon,13.61,56.6,1010.3,5.27,19.89,0.0,16.21,15.21,43.24,1005.81,9.85,22.64,0.0,19.14,50.97,0.0,32.92,6.35,Flat/Batting,Completed,1
350,The Oval (London),2020-07-07,Test,monsoon,12.28,78.61,1006.7,2.82,44.74,0.0,14.83,15.01,82.54,1003.7,1.44,54.59,0.0,18.45,68.55,0.0,33.88,2.3,Humid/Swing,Completed,1
351,Karachi (National Stadium),2022-01-22,T20,winter,19.38,72.22,999.51,4.16,40.96,0.0,15.14,22.65,69.65,998.81,3.49,52.99,0.0,25.63,61.18,2.85,45.61,2.67,Humid/Swing,Completed,1
352,Mumbai (Wankhede),2016-09-13,Test,monsoon,23.42,79.64,1010.9,1.86,64.76,5.56,11.2,26.91,69.79,1009.41,5.32,50.98,0.0,29.19,69.39,24.54,58.52,2.6,Humid/Swing,Rain Interrupted,0
353,Karachi (National Stadium),2018-05-29,Test,summer,34.05,65.3,1018.4,15.38,35.69,0.0,15.12,38.1,68.25,1018.75,11.21,18.24,13.08,39.62,61.59,15.21,36.22,12.75,Humid/Swing,Completed,1
354,Delhi (Feroz Shah Kotla),2016-04-30,T20,summer,33.35,49.45,1029.34,29.56,43.73,0.0,16.99,36.79,42.29,1026.95,25.8,18.66,0.0,38.36,40.58,6.66,35.21,28.03,Flat/Batting,Completed,1
355,The Oval (London),2021-10-19,T20,monsoon,10.59,78.77,1017.25,3.2,56.73,18.06,11.46,13.62,70.4,1009.24,1.57,52.12,7.85,16.24,69.12,29.29,60.36,1.88,Humid/Swing,Abandoned,0
356,Karachi (National Stadium),2017-07-13,T20,monsoon,25.52,69.24,1025.61,26.75,49.04,18.54,12.58,27.73,65.58,1025.32,26.01,47.92,2.07,31.22,63.21,30.43,59.84,27.88,Humid/Swing,Rain Interrupted,0
357,The Oval (London),2020-01-20,ODI,winter,4.8,77.48,1026.66,7.21,72.01,0.06,14.15,8.81,72.34,1028.16,6.43,65.65,2.61,10.27,69.34,26.23,62.63,8.8,Humid/Swing,Rain Interrupted,0
358,Bengaluru (Chinnaswamy),2024-08-24,T20,monsoon,18.9,67.14,1024.05,4.0,30.63,2.62,14.86,20.99,61.12,1025.62,5.33,12.86,0.0,24.32,55.23,13.83,30.56,3.48,Humid/Swing,Completed,1
359,The Oval (London),2018-06-04,T20,summer,12.97,75.54,1011.2,3.61,55.91,0.68,14.17,15.49,64.4,1011.03,2.02,49.55,0.0,18.68,68.37,0.0,45.26,3.55,Humid/Swing,Completed,1
360,Karachi (National Stadium),2015-09-04,T20,monsoon,30.42,67.67,1018.02,4.41,45.42,0.0,14.8,33.76,66.45,1020.05,2.66,6.11,5.81,35.44,62.19,13.38,44.11,3.6,Humid/Swing,Completed,1
361,Cape Town (Newlands),2016-02-11,Test,summer,21.87,59.6,1006.07,11.17,44.94,0.0,16.02,26.88,47.17,1005.41,10.0,14.31,0.0,28.69,53.18,0.0,43.02,9.82,Flat/Batting,Completed,1
362,Bridgetown (Kensington Oval),2017-05-14,ODI,summer,23.63,85.04,1016.06,5.46,39.27,0.0,13.43,27.67,76.98,1017.25,5.91,18.89,0.0,28.8,73.58,3.1,21.52,6.32,Wet/Green,Completed,1
363,Bridgetown (Kensington Oval),2015-11-29,Test,monsoon,24.1,78.97,1015.82,15.03,47.23,3.47,12.84,27.53,76.69,1014.01,11.43,42.65,3.42,29.93,70.96,47.99,65.06,13.59,Humid/Swing,Abandoned,0
364,Delhi (Feroz Shah Kotla),2016-12-12,T20,winter,9.56,51.19,1015.64,17.11,29.2,0.0,16.37,14.1,37.89,1012.58,12.67,28.51,0.0,15.4,40.74,0.0,42.54,16.21,Flat/Batting,Completed,1
365,Chennai (Chepauk),2016-10-03,Test,monsoon,29.58,74.23,1016.92,11.4,73.26,14.35,10.54,29.41,76.02,1014.81,9.86,31.43,0.0,33.67,68.14,19.5,61.97,12.07,Wet/Green,Rain Interrupted,0
366,The Oval (London),2020-01-20,T20,winter,4.9,77.28,1007.71,18.13,78.93,4.31,12.46,8.87,73.68,1010.27,22.04,37.94,0.0,9.71,67.93,29.05,65.12,20.0,Humid/Swing,Abandoned,0
367,Karachi (National Stadium),2020-04-08,ODI,summer,36.23,69.28,1020.42,3.24,39.3,0.0,14.67,37.98,60.71,1024.32,0.66,16.19,0.0,41.05,60.92,0.0,40.18,1.69,Humid/Swing,Completed,1
368,Mumbai (Wankhede),2017-08-06,ODI,monsoon,25.2,78.6,1010.86,7.42,56.36,4.53,12.81,27.38,73.19,1014.86,8.56,93.74,0.0,30.54,70.88,4.88,65.59,6.56,Humid/Swing,Completed,1
369,Cape Town (Newlands),2018-03-04,T20,monsoon,13.15,62.1,1025.3,23.12,36.05,0.0,16.14,15.8,49.06,1027.94,22.71,20.3,0.0,18.38,50.41,4.0,47.96,23.32,Flat/Batting,Completed,1
370,MCG (Melbourne),2015-10-19,T20,monsoon,11.47,58.51,1002.22,11.52,45.08,0.0,16.79,13.17,51.2,1003.26,9.71,34.23,0.0,16.71,52.17,0.0,40.83,9.46,Flat/Batting,Completed,1
371,Delhi (Feroz Shah Kotla),2017-12-19,T20,winter,10.36,46.36,1025.85,9.39,54.22,8.53,14.48,14.29,46.34,1019.25,12.68,58.11,0.0,15.46,40.04,0.0,33.26,9.77,Flat/Batting,Completed,1
372,Karachi (National Stadium),2022-06-01,Test,summer,37.54,72.24,1020.04,17.43,45.24,0.0,15.46,41.08,60.3,1015.4,16.41,39.31,0.0,43.8,60.78,0.0,45.57,15.99,Humid/Swing,Completed,1
373,The Oval (London),2016-04-15,T20,summer,12.87,80.01,1026.57,9.21,48.07,0.0,13.41,16.52,76.11,1033.07,12.06,34.34,0.0,18.78,69.22,2.74,40.79,9.93,Humid/Swing,Completed,1
374,Delhi (Feroz Shah Kotla),2022-04-06,Test,summer,33.82,46.87,1008.71,8.27,45.23,0.0,17.69,36.28,49.44,1012.0,9.25,28.2,0.0,39.13,42.96,16.73,31.11,6.89,Flat/Batting,Completed,1
375,Bengaluru (Chinnaswamy),2024-04-08,Test,summer,25.79,65.73,1014.31,11.45,29.54,0.0,15.86,29.35,52.61,1019.96,10.56,52.79,4.12,31.19,55.14,11.87,42.13,10.05,Humid/Swing,Completed,1
376,Chennai (Chepauk),2015-09-02,Test,monsoon,29.87,73.46,1005.08,7.91,56.94,10.14,12.6,30.62,70.06,1006.66,7.83,41.03,0.0,35.5,65.87,0.0,33.44,7.7,Humid/Swing,Completed,1
377,Bengaluru (Chinnaswamy),2021-09-03,T20,monsoon,22.83,60.81,1022.29,2.67,57.88,9.1,12.69,26.43,68.0,1019.36,1.97,28.9,0.37,28.62,57.05,7.79,51.94,2.77,Flat/Batting,Rain Interrupted,0
378,Karachi (National Stadium),2018-03-28,ODI,monsoon,29.01,70.1,1007.02,3.44,30.43,0.0,14.34,32.82,62.06,1007.36,2.57,7.17,0.0,34.86,59.77,0.0,45.01,2.24,Humid/Swing,Completed,1
379,Chennai (Chepauk),2020-04-03,T20,summer,29.65,73.39,1014.56,5.96,38.42,0.0,14.55,31.18,60.98,1012.72,6.22,58.36,0.0,35.27,62.71,13.6,45.49,4.96,Humid/Swing,Completed,1
380,Bengaluru (Chinnaswamy),2022-11-06,ODI,monsoon,18.64,64.6,1009.16,1.23,36.34,16.49,11.05,20.72,68.0,1009.31,4.14,17.1,0.0,22.92,58.93,0.0,44.62,2.71,Flat/Batting,Rain Interrupted,0
381,Bengaluru (Chinnaswamy),2020-08-11,T20,monsoon,17.98,67.1,1008.89,5.55,51.42,0.0,14.27,23.29,65.99,1007.43,8.56,47.37,0.0,25.02,55.39,8.12,26.7,5.84,Humid/Swing,Completed,1
382,MCG (Melbourne),2019-11-29,Test,monsoon,10.66,60.09,999.74,17.35,45.77,0.0,15.18,15.62,56.41,1005.78,15.91,55.21,0.0,15.81,51.1,16.91,47.23,17.03,Flat/Batting,Rain Interrupted,0
383,Karachi (National Stadium),2015-06-13,ODI,summer,32.59,67.03,1018.33,11.93,31.73,0.0,14.9,34.53,66.42,1023.53,12.79,70.56,0.0,37.8,62.62,0.0,43.73,10.04,Humid/Swing,Completed,1
384,Cape Town (Newlands),2018-08-13,T20,winter,8.05,61.92,1027.56,40.36,61.84,5.9,13.51,12.49,59.81,1028.0,38.87,35.03,0.0,13.77,51.57,5.77,59.15,42.09,Flat/Batting,Completed,1
385,Bengaluru (Chinnaswamy),2015-04-16,Test,summer,26.85,68.24,1001.04,43.26,28.87,8.08,13.37,29.81,58.72,1002.27,44.81,45.99,0.0,32.53,55.8,4.08,38.96,44.5,Humid/Swing,Completed,1
386,Delhi (Feroz Shah Kotla),2022-07-24,T20,monsoon,31.0,49.18,991.4,1.2,54.68,7.47,13.97,33.52,53.36,989.86,1.56,60.0,0.0,36.92,43.2,13.33,60.0,1.49,Flat/Batting,Rain Interrupted,0
387,Karachi (National Stadium),2015-03-26,T20,monsoon,32.29,69.63,1006.7,0.74,51.2,0.0,15.2,38.24,68.77,1009.78,0.37,46.35,0.0,38.47,58.76,6.82,34.31,1.15,Humid/Swing,Completed,1
388,Bengaluru (Chinnaswamy),2021-06-18,Test,summer,21.8,61.07,1026.04,1.94,63.56,11.89,13.56,28.05,58.13,1026.36,0.0,52.01,0.0,28.12,57.03,53.37,61.91,1.28,Flat/Batting,Abandoned,0
389,Kolkata (Eden Gardens),2020-04-11,T20,summer,30.41,70.8,1013.81,19.39,34.25,0.59,14.61,34.0,74.77,1015.49,14.64,23.6,0.0,36.09,65.83,0.0,36.53,18.32,Humid/Swing,Completed,1
390,Bridgetown (Kensington Oval),2019-12-17,ODI,winter,25.4,78.27,1021.2,8.51,26.84,0.0,13.41,26.31,74.76,1018.19,12.48,31.38,0.0,31.18,74.19,1.88,40.51,9.01,Humid/Swing,Completed,1
391,Kolkata (Eden Gardens),2021-07-25,ODI,monsoon,28.2,73.86,1013.34,4.72,69.5,1.37,14.75,31.82,76.88,1016.33,3.26,91.4,0.0,33.63,67.84,16.46,58.79,6.74,Humid/Swing,Rain Interrupted,0
392,Bridgetown (Kensington Oval),2024-02-18,ODI,winter,26.38,85.95,1016.81,2.0,39.22,0.0,13.27,28.92,76.14,1010.22,2.72,63.56,0.0,30.56,73.05,0.0,53.31,2.34,Wet/Green,Completed,1
393,Chennai (Chepauk),2020-04-09,ODI,summer,28.4,72.59,1004.97,14.38,45.66,0.0,14.3,30.71,69.68,1006.13,10.03,61.08,0.0,32.09,65.63,0.11,41.2,14.07,Humid/Swing,Completed,1
394,The Oval (London),2018-09-27,ODI,monsoon,11.48,79.48,1023.46,26.05,47.56,0.0,13.91,15.43,78.07,1018.69,25.3,14.61,0.0,16.82,68.56,6.69,46.96,25.76,Humid/Swing,Completed,1
395,Bridgetown (Kensington Oval),2016-03-04,Test,monsoon,21.83,80.14,1001.99,0.66,60.15,0.0,14.13,24.68,68.09,1001.26,0.77,21.51,0.0,26.94,73.61,0.0,32.98,1.12,Humid/Swing,Completed,1
396,Lords (London),2019-08-14,T20,monsoon,9.45,74.96,1015.11,11.49,36.9,0.0,14.74,10.98,69.14,1016.87,12.05,14.06,0.0,14.84,68.96,2.59,26.93,13.16,Humid/Swing,Completed,1
397,MCG (Melbourne),2018-03-26,T20,monsoon,11.08,57.59,1017.08,16.0,42.9,0.0,15.3,11.5,50.83,1013.96,5.92,27.44,0.0,15.75,53.14,0.0,53.24,14.95,Flat/Batting,Completed,1
398,The Oval (London),2024-02-15,T20,winter,0.58,72.81,1017.06,1.93,49.51,0.0,14.44,3.05,70.63,1017.79,5.42,67.69,3.58,5.76,68.11,14.97,51.35,1.97,Humid/Swing,Completed,1
399,Mumbai (Wankhede),2020-02-06,Test,winter,19.19,78.16,1002.89,5.24,37.91,0.0,14.44,21.08,73.51,1002.16,9.14,5.99,0.0,23.93,70.47,0.0,40.14,6.38,Humid/Swing,Completed,1
400,Lords (London),2017-10-30,ODI,monsoon,10.12,74.76,1016.58,4.01,46.63,18.8,9.79,14.71,73.9,1018.94,0.0,57.98,9.83,15.66,68.22,44.66,56.85,3.72,Humid/Swing,Abandoned,0
401,Chennai (Chepauk),2023-08-31,ODI,monsoon,28.17,73.81,1021.64,3.93,45.83,0.0,15.45,30.87,74.96,1025.55,0.0,27.3,0.0,33.92,67.79,0.36,39.23,3.24,Humid/Swing,Completed,1
402,SCG (Sydney),2024-04-01,Test,monsoon,18.89,65.74,1018.67,15.71,40.95,0.0,14.53,24.06,58.24,1023.38,17.61,43.7,0.0,25.12,54.86,5.44,38.55,17.61,Humid/Swing,Completed,1
403,Bridgetown (Kensington Oval),2024-09-30,T20,monsoon,25.8,83.08,1022.39,6.04,53.69,15.68,9.39,29.44,80.11,1022.15,0.0,66.66,10.14,31.07,71.01,26.31,58.35,3.99,Humid/Swing,Abandoned,0
404,MCG (Melbourne),2019-08-20,Test,winter,8.17,58.58,1011.73,5.4,54.25,5.12,14.09,12.36,60.55,1014.12,3.33,85.2,0.54,13.78,51.68,43.25,56.54,4.4,Flat/Batting,Abandoned,0
405,Delhi (Feroz Shah Kotla),2020-10-24,ODI,monsoon,24.94,49.03,1010.28,2.24,32.93,0.0,17.21,28.06,44.44,1006.27,3.0,70.73,0.0,30.15,41.58,1.91,45.2,2.84,Flat/Batting,Completed,1
406,Karachi (National Stadium),2023-06-26,ODI,summer,35.85,70.74,1016.34,4.02,51.17,4.27,14.52,37.62,65.31,1011.06,8.07,56.3,0.0,41.23,60.21,0.0,35.35,4.26,Humid/Swing,Completed,1
407,Bridgetown (Kensington Oval),2019-12-16,Test,winter,23.73,86.59,1023.46,0.98,37.39,0.0,13.91,25.27,80.19,1026.04,0.0,44.08,0.0,28.76,74.05,0.62,44.0,1.21,Wet/Green,Completed,1
408,Delhi (Feroz Shah Kotla),2017-12-29,T20,winter,4.11,52.5,1023.3,24.02,42.36,0.0,17.08,7.31,53.48,1021.56,24.17,41.79,9.98,9.88,44.04,9.98,40.09,23.95,Flat/Batting,Completed,1
409,Kolkata (Eden Gardens),2018-03-25,ODI,monsoon,26.62,72.03,1009.84,10.92,54.0,0.0,14.79,28.99,61.93,1006.0,11.21,59.16,0.0,31.57,61.06,20.14,48.59,10.39,Humid/Swing,Rain Interrupted,0
410,Cape Town (Newlands),2020-06-08,Test,winter,8.36,57.5,1003.56,13.93,55.62,29.86,10.33,9.85,61.71,1008.16,12.71,69.03,0.0,12.76,52.21,25.28,69.52,12.54,Wet/Green,Abandoned,0
411,Mumbai (Wankhede),2022-01-24,T20,winter,18.05,79.66,1001.64,16.99,37.19,0.0,13.68,19.14,75.09,1009.12,13.83,50.01,0.0,23.33,75.2,5.16,44.38,16.84,Humid/Swing,Rain Interrupted,0
412,Delhi (Feroz Shah Kotla),2022-12-17,Test,winter,3.39,48.6,1023.54,17.89,34.28,4.7,15.9,5.29,39.64,1027.2,16.35,16.43,0.0,7.48,40.16,7.41,24.83,17.17,Flat/Batting,Completed,1
413,Bengaluru (Chinnaswamy),2021-03-06,Test,monsoon,19.06,67.46,1008.35,37.09,46.03,11.81,12.41,21.63,68.0,1008.18,37.25,8.52,0.0,24.63,57.12,4.05,39.4,41.08,Humid/Swing,Completed,1
414,SCG (Sydney),2019-07-30,Test,winter,7.41,62.57,1007.47,10.24,50.79,2.07,15.3,11.6,70.57,1004.13,9.56,76.98,0.0,14.08,56.44,31.62,65.84,10.3,Flat/Batting,Rain Interrupted,0
415,Delhi (Feroz Shah Kotla),2024-06-08,Test,summer,42.51,49.88,1001.57,12.88,38.92,3.25,15.33,47.67,41.96,1002.33,8.09,5.6,0.0,46.93,40.35,2.47,35.91,10.91,Flat/Batting,Completed,1
416,MCG (Melbourne),2016-04-26,T20,monsoon,10.48,55.31,1010.58,23.87,39.06,0.0,16.19,14.06,52.17,1017.37,18.26,57.4,0.0,16.23,53.12,0.0,53.51,23.64,Flat/Batting,Completed,1
417,Kolkata (Eden Gardens),2020-08-03,T20,monsoon,26.71,71.17,997.63,1.35,59.68,5.23,13.49,29.57,62.76,1008.99,5.65,34.3,0.0,31.86,63.04,22.67,65.98,2.96,Humid/Swing,Rain Interrupted,0
418,Bengaluru (Chinnaswamy),2020-09-15,T20,monsoon,22.74,64.42,1013.22,13.14,71.52,19.89,9.75,26.4,64.03,1010.94,17.77,43.49,2.79,29.11,59.1,25.2,60.26,16.35,Flat/Batting,Abandoned,0
419,Bengaluru (Chinnaswamy),2019-08-29,ODI,monsoon,18.13,61.28,1021.4,57.88,37.58,9.01,13.46,22.01,48.57,1020.76,62.24,26.06,0.0,22.6,56.4,0.0,41.05,57.67,Flat/Batting,Completed,1
420,MCG (Melbourne),2017-09-25,ODI,monsoon,10.24,59.22,1004.4,19.95,63.32,13.04,13.52,12.99,63.86,1007.17,20.17,46.58,9.29,15.38,50.76,26.73,60.23,19.86,Wet/Green,Rain Interrupted,0
421,SCG (Sydney),2016-08-15,ODI,winter,9.35,63.15,1015.61,4.22,55.68,2.67,15.14,12.89,49.85,1014.8,5.53,67.09,0.0,14.05,54.09,13.12,62.39,5.28,Flat/Batting,Rain Interrupted,0
422,Delhi (Feroz Shah Kotla),2021-09-21,T20,monsoon,29.8,48.8,1001.48,1.89,23.98,3.42,16.89,32.91,46.8,1000.07,4.2,29.56,12.96,35.45,40.16,12.96,29.53,3.23,Flat/Batting,Completed,1
423,Cape Town (Newlands),2024-11-10,Test,monsoon,16.13,64.91,1008.79,16.73,27.89,0.0,15.59,17.25,59.85,1010.94,19.21,14.02,0.0,21.01,50.95,0.0,37.62,16.7,Flat/Batting,Completed,1
424,Chennai (Chepauk),2018-02-05,ODI,winter,21.09,73.12,1018.66,4.42,40.34,0.0,15.72,22.34,72.71,1016.3,11.3,31.37,0.0,26.44,67.24,18.13,47.98,8.33,Humid/Swing,Rain Interrupted,0
425,Lords (London),2023-11-01,T20,monsoon,13.97,76.68,1019.63,50.88,56.76,11.91,11.71,16.77,67.89,1018.1,47.24,39.36,0.0,19.83,69.94,3.89,46.39,50.77,Humid/Swing,Rain Interrupted,0
426,Bengaluru (Chinnaswamy),2024-03-14,Test,monsoon,19.81,63.87,1020.43,14.91,44.66,0.0,15.58,23.3,62.03,1016.75,12.3,23.88,0.0,25.24,57.74,10.91,29.12,13.46,Flat/Batting,Completed,1
427,Bengaluru (Chinnaswamy),2023-02-21,ODI,winter,14.52,63.87,1014.39,4.6,33.9,0.0,14.93,18.24,60.8,1010.39,4.23,35.49,0.0,20.47,56.94,2.99,39.59,3.71,Flat/Batting,Completed,1
428,Karachi (National Stadium),2021-07-03,T20,monsoon,25.79,68.82,1001.25,17.44,71.54,15.34,12.15,28.27,62.38,999.87,18.05,61.57,0.0,32.02,61.38,8.39,61.52,17.04,Humid/Swing,Rain Interrupted,0
429,MCG (Melbourne),2024-09-14,Test,monsoon,14.83,58.75,1009.86,5.82,69.08,42.66,9.85,15.11,54.47,1008.43,2.66,30.55,0.0,19.53,49.69,13.38,56.15,5.45,Wet/Green,Abandoned,0
430,MCG (Melbourne),2021-01-15,ODI,summer,19.82,54.95,1022.61,1.87,35.38,4.7,15.04,18.72,54.35,1024.63,4.02,16.99,0.0,24.73,52.32,0.0,28.62,2.1,Flat/Batting,Completed,1
431,Lords (London),2018-09-23,T20,monsoon,7.06,76.01,1007.08,3.59,40.19,16.58,10.13,14.53,75.3,1005.02,0.0,12.54,0.0,13.04,68.94,0.0,36.59,3.41,Humid/Swing,Completed,1
432,SCG (Sydney),2019-03-26,ODI,monsoon,19.43,65.02,1005.93,3.15,46.13,4.62,13.49,24.06,58.8,1006.56,4.32,63.76,0.0,24.16,56.76,1.75,43.92,6.88,Humid/Swing,Completed,1
433,Lords (London),2024-10-01,Test,monsoon,10.51,76.74,1009.63,11.24,50.62,18.77,8.54,14.05,80.61,1009.1,8.62,35.41,0.0,15.12,70.92,1.57,52.74,11.9,Humid/Swing,Rain Interrupted,0
434,Cape Town (Newlands),2017-09-05,T20,monsoon,17.73,56.07,1004.85,14.75,39.62,3.5,14.35,19.22,60.29,1005.78,13.74,40.66,0.0,23.6,51.21,0.0,28.78,12.89,Flat/Batting,Completed,1
435,The Oval (London),2017-08-14,ODI,monsoon,12.28,78.41,1015.22,1.83,38.45,18.04,12.25,14.53,66.7,1012.77,0.0,36.85,0.0,17.92,69.53,0.11,40.65,1.64,Wet/Green,Rain Interrupted,0
436,Mumbai (Wankhede),2018-07-27,T20,monsoon,28.96,78.46,1016.74,4.57,61.42,13.1,10.41,30.01,73.24,1020.48,4.87,47.22,5.64,33.82,72.05,26.77,47.38,6.28,Humid/Swing,Rain Interrupted,0
437,MCG (Melbourne),2022-11-28,ODI,monsoon,13.73,61.28,1021.75,4.76,32.36,0.0,16.05,13.54,55.16,1025.26,5.06,36.43,0.0,19.19,51.22,0.0,26.91,4.55,Flat/Batting,Completed,1
438,The Oval (London),2022-06-11,T20,summer,18.12,73.58,1004.51,24.12,41.78,0.0,14.54,21.53,64.85,1003.5,22.21,37.95,0.0,23.73,70.77,2.3,38.99,22.66,Humid/Swing,Completed,1
439,Kolkata (Eden Gardens),2020-07-21,Test,monsoon,23.33,71.89,1018.44,4.21,39.0,16.54,11.21,27.08,72.59,1017.08,4.34,23.54,8.9,29.33,63.37,33.49,58.35,4.35,Humid/Swing,Abandoned,0
440,Kolkata (Eden Gardens),2020-08-19,T20,monsoon,24.88,70.72,1017.3,1.41,52.94,17.09,10.4,28.25,74.63,1020.72,3.09,74.01,1.15,29.29,62.99,7.4,59.55,1.83,Wet/Green,Rain Interrupted,0
441,Lords (London),2024-10-02,Test,monsoon,7.57,76.14,1015.99,24.47,61.67,3.93,12.84,7.0,76.76,1018.85,29.0,41.48,0.85,12.9,68.73,18.17,52.29,26.58,Humid/Swing,Rain Interrupted,0
442,MCG (Melbourne),2016-02-13,T20,summer,30.31,60.44,1015.61,51.88,30.78,2.13,15.45,32.69,66.12,1013.99,49.21,67.05,0.0,35.89,52.09,4.89,41.97,51.2,Flat/Batting,Completed,1
443,MCG (Melbourne),2015-03-04,T20,monsoon,15.17,56.21,1021.89,6.38,48.79,0.0,15.73,18.3,53.05,1025.5,10.51,52.72,0.0,20.43,51.06,3.94,35.33,5.18,Flat/Batting,Completed,1
444,Kolkata (Eden Gardens),2019-08-07,T20,monsoon,27.61,68.57,1012.26,1.99,59.16,13.47,13.48,32.47,62.87,1009.09,0.0,57.5,4.92,33.52,60.61,11.27,57.24,2.95,Humid/Swing,Rain Interrupted,0
445,Kolkata (Eden Gardens),2015-11-03,ODI,monsoon,26.38,70.03,1013.26,5.52,45.17,0.4,14.61,29.4,77.99,1009.39,4.83,40.09,0.0,31.99,65.98,0.0,43.0,4.76,Humid/Swing,Rain Interrupted,0
446,Bengaluru (Chinnaswamy),2018-10-18,T20,monsoon,19.66,64.53,1021.34,4.08,67.06,20.9,10.59,22.39,61.54,1027.27,3.32,85.72,0.0,23.81,57.16,32.04,54.92,3.8,Flat/Batting,Abandoned,0
447,Cape Town (Newlands),2019-06-17,T20,winter,10.2,61.27,1009.38,10.27,64.62,12.41,11.58,12.87,55.14,1009.38,4.89,93.17,0.0,15.82,52.64,25.52,64.11,10.95,Flat/Batting,Rain Interrupted,0
448,Chennai (Chepauk),2024-07-20,ODI,monsoon,28.64,74.65,1007.35,10.21,48.96,0.0,14.79,31.42,72.95,1007.83,10.84,73.92,0.0,33.76,65.9,12.4,50.17,11.31,Humid/Swing,Completed,1
449,Bridgetown (Kensington Oval),2024-08-20,T20,monsoon,24.58,82.87,1009.02,21.38,52.12,7.63,10.87,26.86,79.43,1009.95,23.15,36.77,14.67,29.47,76.43,23.24,67.92,20.07,Humid/Swing,Rain Interrupted,0
450,The Oval (London),2018-07-21,T20,monsoon,13.89,76.0,1007.29,5.71,48.6,0.0,15.16,14.35,71.44,1008.04,8.75,25.7,6.97,18.49,69.71,6.97,38.22,7.14,Humid/Swing,Completed,1
451,Cape Town (Newlands),2024-12-13,ODI,summer,26.57,60.11,1008.44,11.34,32.52,0.0,16.34,31.2,53.56,1004.72,5.17,43.11,0.0,32.15,52.23,4.96,32.5,12.63,Flat/Batting,Completed,1
452,SCG (Sydney),2015-05-28,T20,monsoon,12.94,63.58,1024.61,13.5,39.99,0.54,15.66,16.08,56.36,1025.1,11.31,64.67,0.0,18.56,56.44,0.0,54.2,13.95,Flat/Batting,Completed,1
453,Chennai (Chepauk),2017-08-19,T20,monsoon,21.94,75.11,1012.52,3.37,37.39,1.12,13.72,25.98,64.9,1010.29,1.44,36.28,0.0,27.64,63.19,0.69,43.21,3.45,Humid/Swing,Completed,1
454,Bridgetown (Kensington Oval),2018-03-23,Test,monsoon,25.83,80.87,1027.13,15.77,34.1,0.0,14.45,26.83,83.41,1026.73,15.13,33.41,0.0,30.72,75.39,1.49,36.85,16.93,Humid/Swing,Completed,1
455,Cape Town (Newlands),2016-01-06,ODI,summer,24.46,58.02,1004.03,17.83,33.71,0.0,16.07,26.44,48.15,1004.63,14.23,51.09,0.0,29.6,50.33,8.26,43.12,18.06,Flat/Batting,Completed,1
456,Chennai (Chepauk),2023-07-12,T20,monsoon,21.13,70.41,1022.6,3.93,62.22,12.7,12.89,26.29,63.93,1025.76,0.0,19.79,0.0,27.13,62.87,1.2,44.16,2.8,Humid/Swing,Completed,1
457,Cape Town (Newlands),2024-10-14,Test,monsoon,13.02,57.14,1004.05,7.4,41.77,31.09,10.56,16.48,63.09,1009.51,9.35,20.61,0.0,18.76,50.0,0.0,34.81,9.38,Wet/Green,Rain Interrupted,0
458,MCG (Melbourne),2016-11-12,T20,monsoon,10.42,57.0,1011.28,3.25,34.32,1.58,15.65,13.52,59.78,1016.8,0.0,39.76,0.0,15.85,52.26,0.0,37.74,2.09,Flat/Batting,Completed,1
459,Bengaluru (Chinnaswamy),2015-04-29,Test,summer,22.07,67.36,1026.09,10.71,40.5,0.79,14.54,25.75,62.61,1031.56,15.95,50.39,0.0,26.71,56.9,2.0,36.1,9.67,Humid/Swing,Completed,1
460,Lords (London),2023-12-06,Test,winter,2.33,81.35,996.13,12.8,64.35,11.26,10.45,5.25,65.41,997.6,13.18,68.87,1.33,8.26,66.51,12.64,69.21,10.73,Humid/Swing,Rain Interrupted,0
461,Bengaluru (Chinnaswamy),2019-01-08,ODI,winter,15.87,61.3,1003.58,16.22,29.74,7.38,12.85,18.02,58.47,1004.04,12.15,77.66,0.0,21.25,57.99,0.42,39.53,16.73,Flat/Batting,Completed,1
462,The Oval (London),2016-08-19,Test,monsoon,12.45,75.46,1010.72,0.4,19.3,0.21,14.86,14.33,67.85,1015.59,5.33,41.29,0.0,17.21,68.9,3.71,34.48,1.92,Humid/Swing,Completed,1
463,SCG (Sydney),2019-08-15,T20,winter,8.86,64.71,1026.28,0.87,64.0,0.0,15.27,11.04,63.42,1024.12,0.18,93.61,0.0,12.84,55.39,25.89,71.1,0.95,Flat/Batting,Rain Interrupted,0
464,Bridgetown (Kensington Oval),2023-11-21,Test,monsoon,24.12,79.57,999.38,6.05,75.43,8.18,11.18,26.72,85.08,1007.99,6.37,63.42,0.0,29.14,74.51,32.15,62.72,6.55,Humid/Swing,Abandoned,0
465,Kolkata (Eden Gardens),2016-12-18,Test,winter,19.06,70.64,1032.82,39.3,42.38,3.77,13.24,21.22,67.0,1032.17,35.72,42.37,0.0,24.69,65.19,3.58,43.39,38.33,Humid/Swing,Completed,1
466,Karachi (National Stadium),2024-10-06,ODI,monsoon,27.87,69.04,1023.4,10.12,21.75,11.2,11.88,31.15,58.2,1024.79,10.24,17.65,0.0,34.18,56.74,0.0,48.72,9.14,Humid/Swing,Completed,1
467,Karachi (National Stadium),2022-08-30,Test,monsoon,32.61,64.67,1007.97,1.76,66.53,0.46,15.17,36.25,67.73,1009.5,4.5,48.63,0.0,37.56,61.19,26.25,66.34,3.17,Flat/Batting,Rain Interrupted,0
468,MCG (Melbourne),2021-07-16,Test,winter,7.74,60.76,1034.56,25.36,63.85,6.42,13.91,11.45,55.09,1037.67,27.95,39.4,0.0,13.24,49.66,10.79,68.46,25.72,Flat/Batting,Rain Interrupted,0
469,Delhi (Feroz Shah Kotla),2020-03-03,T20,monsoon,28.83,48.41,996.43,10.76,34.32,0.0,17.25,33.93,45.6,996.58,12.39,27.22,0.0,34.61,42.3,16.94,32.08,12.02,Flat/Batting,Completed,1
470,Bengaluru (Chinnaswamy),2020-02-26,ODI,winter,20.62,63.82,1010.86,4.12,38.14,0.0,15.6,21.68,62.87,1015.18,3.19,47.51,0.0,24.88,56.28,3.24,34.58,3.78,Flat/Batting,Completed,1
471,Bridgetown (Kensington Oval),2015-02-08,ODI,winter,22.13,81.46,1005.67,11.24,44.99,0.0,13.56,23.21,83.38,1005.38,11.64,77.6,0.0,26.55,71.94,0.6,36.81,13.06,Humid/Swing,Completed,1
472,Bengaluru (Chinnaswamy),2022-08-07,T20,monsoon,16.76,63.94,1029.15,3.39,39.0,4.79,13.95,20.7,65.74,1030.08,4.56,42.31,0.0,21.9,55.28,0.0,42.59,5.04,Flat/Batting,Completed,1
473,Kolkata (Eden Gardens),2015-10-30,ODI,monsoon,30.54,69.02,1015.18,3.49,33.4,4.26,15.03,34.18,70.66,1010.67,3.78,37.42,0.0,37.18,63.86,0.0,53.14,2.92,Humid/Swing,Completed,1
474,Lords (London),2021-08-03,ODI,monsoon,13.35,81.7,1010.38,18.72,44.67,0.0,13.4,16.74,65.33,1009.52,15.12,22.4,0.84,18.7,66.21,12.52,42.54,19.26,Humid/Swing,Completed,1
475,Bridgetown (Kensington Oval),2019-10-04,T20,monsoon,24.12,84.36,1015.65,3.68,60.08,4.14,12.44,27.89,73.67,1012.28,4.14,17.58,0.0,29.64,76.22,25.47,59.93,4.68,Humid/Swing,Rain Interrupted,0
476,Bengaluru (Chinnaswamy),2020-02-15,ODI,winter,19.49,63.95,1008.62,10.33,42.38,0.0,15.53,21.88,59.7,1008.37,8.78,32.46,0.0,25.04,56.56,13.65,47.77,10.15,Flat/Batting,Completed,1
477,Delhi (Feroz Shah Kotla),2019-04-25,ODI,summer,35.6,48.15,1008.32,25.88,27.13,0.12,16.72,39.35,49.04,1011.5,25.99,44.55,0.0,40.96,41.8,0.0,49.12,26.73,Flat/Batting,Completed,1
478,Chennai (Chepauk),2017-08-29,ODI,monsoon,26.28,72.59,993.33,10.41,37.82,0.0,14.88,28.31,60.95,992.81,11.15,38.16,0.0,32.31,64.75,8.57,42.19,12.26,Humid/Swing,Completed,1
479,Karachi (National Stadium),2019-01-10,T20,winter,14.7,68.27,1003.04,26.11,50.0,0.23,15.2,17.37,60.43,1005.65,25.2,76.15,0.0,19.23,60.56,0.0,33.26,26.36,Humid/Swing,Completed,1
480,Bengaluru (Chinnaswamy),2022-11-04,ODI,monsoon,20.58,63.37,1008.43,31.99,54.23,0.0,15.54,22.49,54.57,1009.93,30.24,42.47,0.0,26.59,56.43,0.0,40.06,31.28,Flat/Batting,Completed,1
481,Mumbai (Wankhede),2024-04-22,T20,summer,24.71,80.2,1005.92,48.5,45.54,0.0,14.39,29.15,72.13,1000.23,47.36,2.8,0.0,30.46,70.09,0.0,39.63,48.71,Humid/Swing,Completed,1
482,The Oval (London),2018-01-29,Test,winter,2.75,77.06,1015.15,15.62,82.8,7.72,12.14,2.69,68.34,1013.64,17.78,55.3,4.92,7.1,69.77,31.31,58.14,14.74,Humid/Swing,Rain Interrupted,0
483,Karachi (National Stadium),2024-09-13,T20,monsoon,33.94,75.39,1026.35,15.06,40.56,10.78,11.97,35.91,68.63,1023.11,12.93,18.13,0.0,38.22,61.54,1.14,42.74,15.78,Humid/Swing,Completed,1
484,Cape Town (Newlands),2015-07-20,T20,winter,9.8,62.29,1020.89,5.89,66.49,16.58,11.2,13.33,50.89,1020.67,3.88,42.09,0.0,15.0,52.24,34.68,58.04,6.01,Wet/Green,Abandoned,0
485,Cape Town (Newlands),2020-07-27,ODI,winter,11.78,59.13,1009.97,34.97,52.97,11.16,12.8,11.91,49.63,1008.36,32.99,61.42,6.64,17.01,49.35,16.52,56.32,33.46,Flat/Batting,Rain Interrupted,0
486,Delhi (Feroz Shah Kotla),2021-10-22,ODI,monsoon,26.97,46.96,1038.61,21.5,39.1,0.0,17.32,31.76,50.79,1038.01,19.1,59.35,0.0,32.47,40.27,1.96,45.51,20.75,Flat/Batting,Completed,1
487,Delhi (Feroz Shah Kotla),2022-02-20,Test,winter,11.92,49.97,1009.04,4.41,35.07,0.25,16.28,16.04,43.14,1005.68,6.91,22.54,0.0,18.63,39.43,7.14,38.73,4.12,Flat/Batting,Completed,1
488,Karachi (National Stadium),2017-10-23,T20,monsoon,31.85,66.31,1015.85,8.57,35.92,0.0,14.89,36.93,69.01,1016.83,9.54,52.09,0.0,38.07,62.45,13.02,28.79,8.0,Humid/Swing,Completed,1
489,Cape Town (Newlands),2023-08-10,T20,winter,12.62,61.26,1016.7,4.04,66.23,27.08,7.61,14.05,46.63,1009.98,3.79,43.46,0.0,16.57,50.16,5.2,61.61,3.46,Wet/Green,Abandoned,0
490,Bridgetown (Kensington Oval),2024-05-26,Test,summer,25.63,81.78,1014.05,4.0,49.61,2.06,13.71,28.13,77.04,1012.92,0.0,93.95,0.0,29.95,75.06,8.01,52.58,2.76,Humid/Swing,Completed,1
491,Bridgetown (Kensington Oval),2016-02-02,T20,winter,24.67,82.34,1019.3,15.16,42.99,4.5,11.93,27.09,77.65,1017.37,13.88,68.8,0.0,31.13,71.76,0.49,44.19,14.75,Humid/Swing,Completed,1
492,Bridgetown (Kensington Oval),2015-06-11,ODI,summer,22.72,83.61,1005.02,4.89,59.82,7.95,11.77,25.42,81.87,1008.26,0.0,29.17,0.0,28.89,74.37,37.33,51.07,2.32,Humid/Swing,Rain Interrupted,0
493,MCG (Melbourne),2015-05-17,T20,monsoon,12.99,59.45,1012.06,12.4,41.92,0.0,15.89,15.84,64.48,1014.69,6.44,39.66,0.0,18.09,52.27,0.0,37.71,11.44,Flat/Batting,Completed,1
494,Lords (London),2023-03-19,Test,monsoon,10.12,77.34,996.89,9.66,45.31,0.0,13.84,14.3,74.96,1001.84,8.03,61.7,0.0,15.82,68.93,6.33,36.59,8.21,Humid/Swing,Completed,1
495,Chennai (Chepauk),2018-04-23,ODI,summer,34.64,73.71,1008.96,6.91,29.1,0.0,14.65,38.79,66.29,1009.48,4.04,46.89,0.0,41.26,65.04,3.82,34.39,7.41,Humid/Swing,Completed,1
496,Cape Town (Newlands),2019-08-29,Test,winter,6.76,62.28,1017.76,17.97,62.79,8.49,12.73,11.44,53.99,1016.77,18.78,98.4,12.37,12.97,49.39,15.25,61.11,17.48,Flat/Batting,Rain Interrupted,0
497,Delhi (Feroz Shah Kotla),2016-06-25,T20,summer,38.74,49.33,1014.32,15.96,41.07,0.0,16.71,41.82,46.93,1011.7,17.33,20.57,0.0,44.12,40.91,0.0,41.72,14.94,Flat/Batting,Completed,1
498,Lords (London),2020-12-14,T20,winter,0.38,74.52,1022.16,7.92,66.04,7.85,12.66,2.73,69.38,1022.8,9.5,28.57,8.99,6.32,69.17,35.1,54.21,10.83,Humid/Swing,Abandoned,0
499,Bengaluru (Chinnaswamy),2024-04-24,Test,summer,24.12,65.56,1016.42,1.19,31.99,0.0,15.05,27.79,65.46,1022.27,1.24,3.41,0.0,29.88,59.11,0.84,41.35,3.61,Humid/Swing,Completed,1
500,Bengaluru (Chinnaswamy),2024-03-31,ODI,monsoon,18.93,63.73,1001.74,2.94,50.9,0.0,15.87,18.66,57.24,1002.16,5.2,4.93,0.0,23.34,57.5,14.86,31.45,3.74,Flat/Batting,Completed,1
501,Bengaluru (Chinnaswamy),2023-05-16,ODI,summer,24.83,59.96,1020.53,3.11,53.01,6.35,13.25,29.43,64.29,1018.91,1.56,63.54,13.79,31.03,56.63,40.52,62.71,1.25,Flat/Batting,Abandoned,0
502,Chennai (Chepauk),2020-04-02,Test,summer,29.11,75.45,1015.35,7.21,39.01,0.0,13.91,31.34,70.1,1016.96,9.78,50.8,0.0,35.16,65.37,0.0,34.43,5.09,Humid/Swing,Completed,1
503,Kolkata (Eden Gardens),2023-06-17,Test,summer,33.42,74.32,1003.74,0.42,56.3,21.16,7.26,37.61,62.42,1011.22,0.0,51.03,0.0,39.33,62.83,33.51,59.87,2.27,Wet/Green,Abandoned,0
504,Bridgetown (Kensington Oval),2023-02-14,T20,winter,25.4,82.75,1018.02,2.96,39.66,0.0,14.71,27.94,71.53,1020.05,1.81,19.5,0.0,30.83,72.18,19.22,56.36,1.73,Humid/Swing,Completed,1
505,The Oval (London),2024-06-26,T20,summer,18.19,77.48,1027.9,4.42,41.86,0.0,13.92,21.16,59.39,1029.81,3.5,47.98,0.0,23.71,66.59,0.0,35.32,4.07,Humid/Swing,Completed,1
506,Lords (London),2016-01-05,ODI,winter,4.28,79.22,1010.23,7.75,65.81,12.22,11.0,5.67,70.36,1011.6,9.85,51.8,0.0,9.03,66.46,23.21,60.21,7.38,Humid/Swing,Rain Interrupted,0
507,Mumbai (Wankhede),2017-12-19,T20,winter,22.6,78.56,1008.95,50.83,37.84,0.0,14.4,25.57,69.89,1015.34,52.9,62.44,0.0,27.37,69.03,2.19,55.03,52.1,Humid/Swing,Completed,1
508,Chennai (Chepauk),2020-02-06,ODI,winter,23.33,74.88,1013.32,11.56,42.55,0.0,14.55,25.83,64.06,1014.25,11.14,53.16,0.0,27.38,64.29,5.8,35.82,8.77,Humid/Swing,Completed,1
509,Bridgetown (Kensington Oval),2023-05-26,T20,summer,23.56,80.67,1026.13,12.15,34.61,7.97,11.53,26.67,71.5,1033.95,11.35,9.74,0.0,29.2,75.73,4.33,44.65,10.4,Humid/Swing,Completed,1
510,Bengaluru (Chinnaswamy),2021-07-22,ODI,monsoon,22.89,64.6,1014.38,3.76,31.37,0.0,15.06,26.48,49.34,1012.59,0.94,9.19,0.0,27.99,56.38,1.44,38.13,2.83,Flat/Batting,Completed,1
511,Bridgetown (Kensington Oval),2019-03-02,Test,monsoon,26.08,78.14,1016.51,1.62,42.94,3.68,13.57,29.28,88.91,1016.09,0.0,50.19,4.78,31.0,75.27,8.75,42.45,0.9,Humid/Swing,Completed,1
512,Bridgetown (Kensington Oval),2017-08-15,ODI,monsoon,22.49,79.2,999.56,37.35,54.32,25.6,10.86,23.26,81.47,1001.2,32.8,83.67,0.0,27.75,76.54,11.73,60.94,35.84,Wet/Green,Rain Interrupted,0
513,Mumbai (Wankhede),2021-12-12,T20,winter,20.47,77.63,1026.17,4.93,50.98,0.0,13.91,23.69,74.41,1024.27,3.95,17.87,0.0,25.87,72.59,4.44,30.4,5.63,Humid/Swing,Completed,1
514,Lords (London),2021-11-03,Test,monsoon,14.26,80.09,1019.38,4.59,77.17,0.11,13.38,16.88,75.44,1017.63,6.87,50.35,0.0,19.46,66.04,2.77,68.8,4.49,Humid/Swing,Completed,1
515,Bridgetown (Kensington Oval),2015-09-16,T20,monsoon,25.64,82.38,1024.82,11.06,64.7,27.07,9.86,28.29,80.42,1024.52,9.44,89.8,0.0,31.11,73.62,8.96,65.44,11.24,Wet/Green,Rain Interrupted,0
516,MCG (Melbourne),2022-11-11,ODI,monsoon,10.15,62.1,1013.29,19.6,46.0,10.33,13.61,15.09,51.88,1015.02,16.87,16.44,0.0,16.08,49.93,0.0,44.68,16.86,Wet/Green,Delayed Start,1
517,Bridgetown (Kensington Oval),2019-07-31,Test,monsoon,25.19,79.84,1011.31,1.14,55.52,15.29,9.16,28.57,75.48,1009.08,0.0,67.35,0.0,30.35,73.38,5.37,61.7,0.97,Humid/Swing,Rain Interrupted,0
518,Kolkata (Eden Gardens),2015-07-05,Test,monsoon,25.73,72.09,1023.8,1.35,52.12,17.21,10.83,29.45,64.25,1019.65,0.0,67.96,10.69,31.48,64.24,21.36,60.79,2.33,Wet/Green,Abandoned,0
519,Bengaluru (Chinnaswamy),2020-07-10,Test,monsoon,21.32,62.05,1003.75,29.41,60.9,2.8,15.23,26.08,66.06,1007.98,27.64,68.62,0.0,26.89,55.56,2.86,45.71,30.11,Flat/Batting,Completed,1
520,Chennai (Chepauk),2017-08-19,T20,monsoon,29.32,72.25,995.78,6.11,40.64,7.43,12.2,32.03,70.61,1000.19,6.61,74.41,0.0,35.52,67.33,0.0,43.71,6.4,Humid/Swing,Completed,1
521,Kolkata (Eden Gardens),2019-05-11,ODI,summer,29.71,69.65,1012.95,2.6,57.36,0.0,14.44,33.39,73.79,1015.97,6.0,58.32,0.0,35.49,66.62,0.0,37.26,5.2,Humid/Swing,Completed,1
522,Lords (London),2022-07-09,T20,monsoon,11.88,74.66,1019.64,34.41,36.05,4.44,13.26,15.1,76.76,1018.73,30.76,37.83,0.0,17.02,71.26,0.0,33.31,32.01,Humid/Swing,Completed,1
523,Cape Town (Newlands),2021-01-21,ODI,summer,26.99,61.8,1006.02,63.49,45.8,14.28,13.66,31.36,47.15,1007.28,65.23,75.01,0.0,32.15,50.54,0.0,36.78,60.74,Wet/Green,Completed,1
524,Karachi (National Stadium),2023-04-29,T20,summer,28.97,68.6,1009.12,12.31,36.06,0.0,15.08,30.74,62.07,1011.55,11.19,45.25,0.0,34.31,61.75,17.11,32.57,11.9,Humid/Swing,Completed,1
525,Kolkata (Eden Gardens),2024-12-05,ODI,winter,16.16,69.74,1028.05,2.34,55.1,0.0,15.88,17.12,73.1,1030.08,2.41,10.7,0.0,20.42,65.87,0.0,42.75,3.01,Humid/Swing,Completed,1
526,Bridgetown (Kensington Oval),2016-02-10,ODI,winter,20.83,81.93,1028.06,3.12,44.35,0.0,14.2,23.22,78.92,1020.34,2.2,51.19,0.0,25.66,75.21,34.28,38.68,3.12,Humid/Swing,Rain Interrupted,0
527,Karachi (National Stadium),2019-07-30,ODI,monsoon,28.69,71.45,1015.19,1.64,61.74,11.08,12.56,32.21,59.77,1014.45,4.27,35.45,0.0,34.0,60.83,29.64,53.84,1.74,Wet/Green,Abandoned,0
528,Mumbai (Wankhede),2022-09-28,ODI,monsoon,30.73,78.59,1015.83,8.73,56.69,1.19,13.63,33.07,74.81,1014.79,8.99,79.69,2.75,35.88,71.51,41.42,69.53,9.93,Humid/Swing,Rain Interrupted,0
529,Delhi (Feroz Shah Kotla),2019-12-22,ODI,winter,2.6,48.44,1020.42,3.72,22.17,0.0,17.55,5.27,52.72,1021.64,10.15,26.48,0.0,7.76,41.76,15.75,53.31,4.94,Flat/Batting,Completed,1
530,Delhi (Feroz Shah Kotla),2024-08-04,ODI,monsoon,30.81,48.3,1013.27,7.88,54.86,4.71,14.94,35.68,40.07,1011.72,15.6,83.18,0.0,36.3,39.42,5.26,62.75,7.71,Flat/Batting,Rain Interrupted,0
531,Chennai (Chepauk),2022-09-09,ODI,monsoon,23.62,75.34,1013.76,0.96,40.66,4.99,13.85,26.18,75.5,1012.12,3.79,11.12,0.0,29.17,65.76,0.0,32.62,1.58,Humid/Swing,Completed,1
532,SCG (Sydney),2022-03-26,ODI,monsoon,14.67,65.57,1012.89,13.5,25.0,0.23,15.33,15.73,54.63,1019.12,17.46,74.11,0.0,18.63,57.57,0.0,40.55,14.86,Humid/Swing,Completed,1
533,Mumbai (Wankhede),2019-06-19,ODI,summer,27.59,79.03,1009.77,12.87,69.08,4.07,12.82,30.88,77.9,1010.02,13.54,82.29,0.0,33.42,69.69,6.92,52.99,11.17,Humid/Swing,Completed,1
534,Delhi (Feroz Shah Kotla),2016-05-15,ODI,summer,30.66,48.02,1012.57,2.22,38.2,12.92,13.21,33.83,47.27,1015.91,3.42,68.21,0.0,36.32,42.09,1.49,37.03,2.58,Flat/Batting,Delayed Start,1
535,Chennai (Chepauk),2022-06-07,Test,summer,32.27,68.9,1005.84,23.17,33.15,1.76,14.71,36.2,64.84,1003.58,25.25,38.8,0.0,37.87,66.33,1.61,40.67,25.82,Humid/Swing,Completed,1
536,Bridgetown (Kensington Oval),2022-03-04,T20,monsoon,23.71,79.78,1012.46,4.5,34.85,0.0,13.41,26.46,75.19,1013.2,5.1,13.27,0.0,28.03,73.5,3.74,46.49,3.72,Humid/Swing,Completed,1
537,Mumbai (Wankhede),2015-07-27,ODI,monsoon,30.14,81.68,1025.02,0.94,67.04,14.49,10.92,32.14,76.4,1022.4,3.09,70.03,0.0,35.17,70.15,13.38,75.54,1.71,Wet/Green,Rain Interrupted,0
538,Delhi (Feroz Shah Kotla),2016-05-30,T20,summer,31.92,49.26,1022.14,2.44,46.63,0.43,17.4,36.55,46.25,1024.08,0.0,38.42,0.0,37.11,41.55,0.0,36.23,1.14,Flat/Batting,Completed,1
539,Delhi (Feroz Shah Kotla),2015-10-09,T20,monsoon,26.62,44.77,1016.56,15.69,49.88,9.3,14.12,27.92,37.25,1007.28,16.19,52.66,0.0,30.91,40.13,0.0,50.44,18.82,Flat/Batting,Completed,1
540,Delhi (Feroz Shah Kotla),2021-07-29,Test,monsoon,29.98,46.38,1008.76,8.35,67.63,23.99,11.29,30.66,49.32,1008.49,5.32,96.15,0.0,34.6,42.16,49.4,62.88,8.82,Wet/Green,Abandoned,0
541,Delhi (Feroz Shah Kotla),2018-09-07,Test,monsoon,26.43,46.33,999.44,16.09,32.25,0.0,17.23,26.36,45.0,1005.18,12.56,29.8,0.0,32.1,41.35,15.19,36.63,13.71,Flat/Batting,Completed,1
542,Karachi (National Stadium),2015-01-12,ODI,winter,15.28,72.21,1010.22,19.49,39.98,6.79,12.59,19.22,65.04,1008.85,23.66,6.99,0.0,20.56,60.53,0.0,37.46,19.82,Humid/Swing,Completed,1
543,Kolkata (Eden Gardens),2016-06-16,T20,summer,31.31,72.5,1010.44,1.84,63.96,2.59,14.0,35.68,71.63,1012.97,0.0,68.75,0.0,37.58,64.12,3.52,60.44,1.22,Humid/Swing,Completed,1
544,Bengaluru (Chinnaswamy),2023-12-15,Test,winter,23.09,60.98,1010.16,10.51,41.38,0.0,15.98,24.08,55.25,1014.55,6.49,24.78,0.0,27.67,57.44,1.46,36.67,8.34,Flat/Batting,Completed,1
545,Chennai (Chepauk),2022-05-31,Test,summer,34.28,72.48,1023.54,21.48,34.29,8.27,12.38,34.57,60.87,1029.55,19.93,48.01,0.0,39.37,64.23,19.26,40.42,20.18,Humid/Swing,Rain Interrupted,0
546,Kolkata (Eden Gardens),2015-03-02,ODI,monsoon,24.07,73.15,1005.91,12.12,59.41,11.6,11.57,24.8,63.99,1005.38,15.35,45.21,0.0,28.99,64.08,37.94,42.95,14.2,Humid/Swing,Rain Interrupted,0
547,Delhi (Feroz Shah Kotla),2021-08-08,ODI,monsoon,23.97,48.69,1016.4,24.9,55.23,16.1,11.49,23.29,41.04,1015.13,23.87,42.43,0.0,29.37,41.58,7.0,61.64,24.11,Flat/Batting,Rain Interrupted,0
548,Mumbai (Wankhede),2016-12-14,ODI,winter,20.26,84.03,1014.35,6.03,37.59,5.51,12.35,22.76,78.73,1017.86,3.14,64.97,0.0,24.9,73.05,0.0,40.83,5.64,Humid/Swing,Completed,1
549,Mumbai (Wankhede),2016-06-03,T20,summer,27.21,83.84,1017.9,15.34,59.7,17.15,8.1,30.65,76.78,1013.96,12.54,78.97,0.0,32.73,72.29,9.46,69.28,11.59,Humid/Swing,Rain Interrupted,0
550,The Oval (London),2020-11-24,Test,monsoon,11.34,78.3,1006.27,2.48,67.92,0.0,13.86,14.35,79.39,1005.67,5.75,27.75,4.64,16.58,70.53,7.29,54.12,3.9,Humid/Swing,Completed,1
551,Cape Town (Newlands),2015-09-18,ODI,monsoon,13.99,59.32,1002.86,3.93,44.06,4.19,14.99,16.5,49.98,1003.46,4.34,47.93,1.44,18.86,50.78,2.21,39.98,4.22,Flat/Batting,Completed,1
552,MCG (Melbourne),2023-09-22,ODI,monsoon,14.26,59.85,1000.23,0.57,63.13,16.45,10.64,17.02,52.91,994.91,0.08,19.17,0.0,18.98,52.98,11.04,57.83,1.1,Flat/Batting,Rain Interrupted,0
553,SCG (Sydney),2021-08-28,Test,winter,9.48,64.66,1020.65,40.68,65.72,9.68,12.39,13.78,47.68,1022.01,39.9,42.74,0.0,15.3,57.82,12.75,60.79,38.16,Flat/Batting,Rain Interrupted,0
554,MCG (Melbourne),2020-08-25,Test,winter,6.15,59.76,1005.35,1.45,57.13,12.75,12.9,7.8,41.74,1004.71,0.39,49.05,0.0,11.42,50.33,3.7,52.61,2.97,Wet/Green,Rain Interrupted,0
555,Karachi (National Stadium),2015-06-27,T20,summer,31.56,69.52,1023.84,51.02,31.67,6.24,13.01,35.13,71.22,1019.82,52.6,34.85,0.0,36.94,57.9,1.53,41.33,53.19,Humid/Swing,Completed,1
556,Bridgetown (Kensington Oval),2020-11-05,ODI,monsoon,24.18,82.81,1027.15,17.35,72.06,22.34,9.01,26.42,76.98,1033.04,21.09,71.77,0.0,29.59,73.35,10.01,66.18,21.12,Humid/Swing,Rain Interrupted,0
557,MCG (Melbourne),2022-03-20,Test,monsoon,14.47,56.92,1008.0,2.42,32.76,0.0,16.11,17.86,58.04,1009.46,0.0,58.23,0.0,19.83,52.44,1.98,43.66,2.91,Flat/Batting,Completed,1
558,Mumbai (Wankhede),2020-05-15,ODI,summer,28.84,81.79,1006.94,13.84,44.18,5.8,12.21,32.14,76.81,1010.93,16.06,42.88,0.0,33.74,68.67,0.0,40.75,15.52,Humid/Swing,Completed,1
559,The Oval (London),2022-09-11,Test,monsoon,12.26,75.4,1011.23,1.62,48.98,0.0,14.28,15.16,76.68,1010.39,2.67,31.57,0.0,16.85,70.48,20.6,53.93,1.6,Humid/Swing,Rain Interrupted,0
560,MCG (Melbourne),2022-12-27,ODI,summer,21.51,62.23,1013.18,19.39,32.44,0.0,15.42,25.62,56.06,1015.53,18.29,72.47,0.0,27.83,51.14,3.36,54.77,20.04,Flat/Batting,Completed,1
561,Chennai (Chepauk),2015-11-27,ODI,monsoon,25.1,76.39,1020.56,14.16,48.58,28.95,7.02,26.37,69.87,1018.22,18.33,65.01,0.0,30.15,66.96,4.71,59.38,14.73,Humid/Swing,Rain Interrupted,0
562,Karachi (National Stadium),2016-08-30,Test,monsoon,26.64,70.45,1009.09,11.98,44.76,9.57,11.76,30.21,59.19,1012.57,13.71,79.14,0.0,32.19,61.82,11.88,68.26,11.7,Humid/Swing,Rain Interrupted,0
563,Kolkata (Eden Gardens),2018-01-31,T20,winter,14.38,74.77,1011.51,2.47,48.41,0.0,14.98,18.26,64.5,1020.44,3.22,49.99,0.0,19.06,62.67,8.99,49.29,2.18,Humid/Swing,Completed,1
564,Bridgetown (Kensington Oval),2021-07-25,T20,monsoon,24.07,78.85,1015.69,3.97,58.8,10.48,10.22,27.06,85.14,1017.85,10.87,14.32,12.23,28.8,74.96,25.53,56.75,4.09,Humid/Swing,Rain Interrupted,0
565,Cape Town (Newlands),2018-08-24,ODI,winter,9.67,56.04,1016.74,17.04,58.67,0.0,16.46,11.84,57.81,1016.23,17.55,65.72,3.36,14.72,49.95,22.33,63.32,17.4,Flat/Batting,Rain Interrupted,0
566,Karachi (National Stadium),2020-12-13,ODI,winter,17.39,69.92,1004.82,14.41,45.94,5.71,13.39,19.69,64.81,1008.5,16.52,26.39,0.0,22.08,62.0,4.94,36.81,12.86,Humid/Swing,Completed,1
567,MCG (Melbourne),2020-09-01,T20,monsoon,17.08,57.0,1023.45,0.53,68.65,6.5,14.1,20.52,57.33,1022.28,2.29,71.65,0.0,21.77,50.99,6.45,58.49,2.02,Flat/Batting,Rain Interrupted,0
568,The Oval (London),2016-02-11,T20,winter,4.32,75.66,1004.02,9.72,53.42,29.89,7.4,7.6,62.38,1009.55,12.55,92.55,0.0,9.59,65.99,8.5,61.65,9.71,Humid/Swing,Abandoned,0
569,Chennai (Chepauk),2024-07-25,T20,monsoon,30.51,73.78,1030.43,11.81,32.31,0.0,14.38,33.07,73.29,1027.57,14.38,36.05,0.0,35.94,65.99,0.54,28.98,12.63,Humid/Swing,Completed,1
570,Bridgetown (Kensington Oval),2024-11-04,T20,monsoon,22.44,82.99,1015.76,2.04,52.91,4.27,12.72,24.81,83.58,1016.02,0.0,50.59,0.0,28.3,73.44,12.3,61.84,1.12,Humid/Swing,Completed,1
571,Cape Town (Newlands),2024-09-15,Test,monsoon,19.34,57.75,1002.35,32.53,40.0,0.0,15.5,22.64,57.01,997.72,27.71,22.67,0.0,25.33,50.03,2.45,39.06,33.8,Flat/Batting,Completed,1
572,The Oval (London),2020-01-24,Test,winter,1.66,77.87,1011.98,7.13,43.92,7.56,11.45,2.86,73.39,1007.57,7.36,32.13,0.0,6.26,68.83,4.05,60.61,7.69,Humid/Swing,Completed,1
573,The Oval (London),2018-10-20,ODI,monsoon,9.43,75.33,1007.97,4.43,58.68,3.04,13.58,12.22,62.71,1009.67,4.7,37.85,0.0,15.47,70.76,32.48,62.21,4.26,Humid/Swing,Abandoned,0
574,The Oval (London),2019-08-31,T20,monsoon,8.35,79.26,1015.27,3.17,41.26,1.12,14.17,11.75,68.42,1014.61,6.0,11.62,0.0,14.21,68.59,0.0,30.09,2.98,Humid/Swing,Completed,1
575,Chennai (Chepauk),2018-07-04,ODI,monsoon,28.27,73.99,999.54,17.05,41.34,0.0,14.45,32.04,70.11,1001.14,16.36,47.24,0.0,33.66,66.43,0.18,39.94,15.11,Humid/Swing,Completed,1
576,Lords (London),2022-06-17,ODI,summer,19.43,77.29,1013.44,6.93,49.51,0.0,14.12,22.28,64.24,1011.83,8.92,26.19,3.59,25.13,67.93,47.65,42.31,7.67,Humid/Swing,Abandoned,0
577,Lords (London),2016-09-17,T20,monsoon,7.0,76.44,1011.31,7.65,41.9,0.0,13.68,10.94,65.58,1017.97,6.52,20.54,0.0,12.93,68.21,5.41,47.24,3.37,Humid/Swing,Completed,1
578,MCG (Melbourne),2015-10-02,Test,monsoon,9.89,61.38,1016.58,46.29,54.21,13.73,13.15,11.45,49.23,1020.98,45.34,45.1,0.0,14.8,48.68,5.51,38.18,45.54,Wet/Green,Rain Interrupted,0
579,Chennai (Chepauk),2016-01-17,ODI,winter,25.48,72.65,1024.37,23.06,47.6,2.08,14.66,27.84,73.74,1018.32,21.13,78.38,0.21,30.9,67.0,0.21,43.6,22.47,Humid/Swing,Completed,1
580,Chennai (Chepauk),2023-05-08,T20,summer,26.68,78.48,1018.06,5.26,36.9,2.82,13.47,30.99,70.78,1019.43,2.47,20.78,0.0,32.28,66.32,0.0,41.85,4.04,Humid/Swing,Completed,1
581,Lords (London),2024-02-08,Test,winter,4.31,76.48,1022.87,6.23,60.86,0.0,14.27,7.8,75.08,1025.34,6.06,58.4,0.0,10.32,68.34,15.48,60.6,4.43,Humid/Swing,Rain Interrupted,0
582,SCG (Sydney),2015-09-03,T20,monsoon,15.48,61.37,1003.56,10.67,42.73,0.0,16.27,17.99,58.36,998.53,12.21,29.46,0.0,20.09,55.94,0.51,37.84,10.62,Flat/Batting,Completed,1
583,SCG (Sydney),2021-04-19,ODI,monsoon,13.1,68.29,1010.36,1.86,44.06,0.28,14.92,14.16,55.7,1008.84,1.93,47.75,0.0,17.93,56.49,14.94,34.43,2.11,Humid/Swing,Rain Interrupted,0
584,Bridgetown (Kensington Oval),2016-05-15,ODI,summer,28.35,83.04,1009.94,23.04,41.0,0.0,13.7,32.51,75.67,1012.59,27.1,5.01,0.0,35.11,72.91,7.98,43.02,21.85,Humid/Swing,Completed,1
585,Lords (London),2024-10-18,T20,monsoon,8.97,80.75,1009.59,0.67,51.28,7.93,12.16,10.36,67.27,1011.04,1.89,86.7,0.0,14.85,66.77,6.24,69.91,2.03,Humid/Swing,Delayed Start,1
586,The Oval (London),2024-09-25,T20,monsoon,14.5,73.52,1022.17,4.06,39.28,8.68,12.4,15.76,71.53,1026.3,2.0,5.85,6.78,19.85,68.46,6.78,37.91,3.79,Humid/Swing,Completed,1
587,Mumbai (Wankhede),2018-03-24,T20,monsoon,26.71,81.98,1008.63,22.46,34.34,0.0,13.28,30.65,74.01,1014.53,24.06,45.33,0.0,31.84,72.88,1.17,38.92,25.74,Humid/Swing,Completed,1
588,Bengaluru (Chinnaswamy),2018-12-11,Test,winter,21.55,62.94,1002.75,4.67,38.43,0.0,15.24,25.49,54.84,1007.7,4.46,15.12,0.0,26.42,55.39,0.0,28.29,3.93,Flat/Batting,Completed,1
589,Karachi (National Stadium),2020-09-09,Test,monsoon,26.64,71.01,1008.61,11.83,31.85,0.0,14.41,29.16,74.12,1012.39,5.3,51.59,0.0,32.81,61.92,19.31,40.5,10.85,Humid/Swing,Completed,1
590,Kolkata (Eden Gardens),2022-05-13,ODI,summer,30.13,72.62,1007.82,10.21,43.28,0.05,14.17,32.61,68.85,1011.6,8.79,51.02,0.0,35.57,64.92,18.02,48.34,9.69,Humid/Swing,Completed,1
591,Delhi (Feroz Shah Kotla),2024-07-02,Test,monsoon,27.51,53.46,1018.44,4.12,61.75,1.02,16.57,30.71,41.12,1016.61,0.29,27.41,2.87,33.59,40.6,23.26,53.2,3.8,Flat/Batting,Rain Interrupted,0
592,Lords (London),2024-06-24,T20,summer,21.26,72.72,1017.59,0.59,51.02,0.0,14.77,23.29,75.05,1014.45,0.0,8.51,0.0,26.53,68.66,8.8,38.56,1.49,Humid/Swing,Completed,1
593,Lords (London),2016-04-15,ODI,summer,18.9,76.23,1023.6,5.62,34.88,1.14,13.75,22.37,66.11,1024.32,5.96,49.42,0.0,24.74,69.62,7.37,38.33,5.47,Humid/Swing,Rain Interrupted,0
594,Karachi (National Stadium),2017-07-15,ODI,monsoon,27.76,71.32,1008.98,17.98,60.0,20.07,12.79,32.02,58.05,1011.74,24.53,62.09,0.0,33.54,60.02,19.21,65.39,21.18,Humid/Swing,Rain Interrupted,0
595,SCG (Sydney),2023-08-10,T20,winter,12.46,62.68,1015.97,2.42,59.83,15.3,12.53,15.08,62.19,1012.86,5.21,68.19,0.0,17.98,57.08,25.49,57.81,4.27,Flat/Batting,Rain Interrupted,0
596,Karachi (National Stadium),2022-07-27,T20,monsoon,31.68,70.34,988.27,11.09,60.58,6.58,13.29,35.81,64.03,992.34,13.06,95.08,0.0,37.16,59.95,14.48,66.93,10.47,Humid/Swing,Rain Interrupted,0
597,SCG (Sydney),2015-04-18,T20,monsoon,12.16,66.24,1010.44,4.02,31.47,0.0,15.36,15.22,59.85,1010.4,0.37,13.29,0.0,18.05,55.3,7.14,34.53,3.72,Humid/Swing,Completed,1
598,Bridgetown (Kensington Oval),2024-04-20,T20,summer,24.13,81.74,1015.66,42.32,37.16,0.0,13.94,26.34,80.85,1013.4,43.99,55.57,0.0,29.76,74.59,15.83,48.65,45.77,Humid/Swing,Completed,1
599,Bengaluru (Chinnaswamy),2015-04-29,Test,summer,23.22,64.04,999.59,3.35,45.33,0.0,15.21,25.26,62.82,998.65,0.0,53.34,0.0,28.08,57.54,0.0,46.72,3.92,Flat/Batting,Completed,1
600,Bengaluru (Chinnaswamy),2022-11-18,ODI,monsoon,18.52,63.81,1023.45,4.0,29.61,0.0,16.28,22.16,61.65,1021.93,4.02,47.7,0.0,23.9,56.03,0.0,29.83,3.72,Flat/Batting,Completed,1
601,Lords (London),2018-12-08,Test,winter,4.73,75.4,1007.37,15.53,55.07,31.21,9.28,7.01,64.02,1011.29,16.89,90.51,0.0,9.85,68.02,4.52,60.42,14.88,Wet/Green,Abandoned,0
602,Kolkata (Eden Gardens),2024-10-02,Test,monsoon,25.66,72.09,1005.51,10.03,42.76,0.0,14.81,28.37,72.66,1002.52,7.98,31.85,0.0,31.07,64.58,0.22,38.17,10.08,Humid/Swing,Completed,1
603,Karachi (National Stadium),2022-05-16,ODI,summer,38.38,71.67,1021.81,30.08,31.26,3.43,14.07,40.78,62.75,1016.69,29.04,25.69,0.0,43.6,60.31,0.0,32.21,29.97,Humid/Swing,Completed,1
604,Chennai (Chepauk),2016-08-04,T20,monsoon,22.7,75.82,1002.96,4.39,40.21,0.0,14.46,26.23,72.01,1005.52,2.32,53.44,0.0,28.38,67.23,4.57,47.36,3.06,Humid/Swing,Completed,1
605,Bridgetown (Kensington Oval),2015-05-06,Test,summer,25.07,79.99,1013.41,40.82,32.3,0.0,13.79,27.95,75.28,1014.07,37.14,14.69,0.0,30.71,72.65,10.65,32.27,42.17,Humid/Swing,Completed,1
606,Cape Town (Newlands),2020-12-12,Test,summer,19.62,58.42,1008.84,4.72,41.15,6.83,14.26,23.23,63.99,1011.54,8.86,53.48,0.0,24.7,51.03,0.61,38.36,4.51,Flat/Batting,Completed,1
607,The Oval (London),2019-09-16,ODI,monsoon,10.68,75.32,1008.7,19.63,33.43,5.13,12.63,11.6,82.77,1012.09,22.38,66.22,0.0,15.71,71.15,0.0,49.91,20.78,Humid/Swing,Completed,1
608,Lords (London),2016-10-06,ODI,monsoon,14.24,78.76,1025.39,2.47,55.97,30.16,5.26,18.87,71.71,1018.51,2.5,33.4,0.0,19.26,68.43,16.08,58.01,1.56,Wet/Green,Abandoned,0
609,Bengaluru (Chinnaswamy),2023-02-03,ODI,winter,18.46,66.99,1008.0,2.65,25.81,9.66,12.29,21.26,53.39,1010.74,3.59,74.39,0.0,24.52,52.82,0.0,42.92,5.5,Humid/Swing,Rain Interrupted,0
610,Karachi (National Stadium),2021-09-08,Test,monsoon,31.14,69.83,1007.58,0.03,48.77,0.0,15.04,35.82,70.26,1009.3,0.89,48.26,0.0,37.02,60.59,7.96,43.21,1.87,Humid/Swing,Rain Interrupted,0
611,Mumbai (Wankhede),2016-09-29,Test,monsoon,29.08,81.74,1024.99,0.54,49.61,23.54,8.27,30.84,81.12,1027.07,0.0,87.76,0.0,33.6,71.65,20.06,63.47,1.76,Wet/Green,Abandoned,0
612,Karachi (National Stadium),2015-07-23,T20,monsoon,32.63,69.93,1015.28,2.14,59.08,3.53,14.03,37.73,70.31,1014.69,3.25,70.4,3.96,38.74,61.16,20.82,57.2,0.78,Humid/Swing,Rain Interrupted,0
613,Chennai (Chepauk),2018-01-19,ODI,winter,26.65,69.82,1023.18,23.75,45.54,10.54,13.05,28.44,74.73,1019.54,27.37,77.18,0.0,32.43,67.19,0.0,37.77,24.16,Wet/Green,Completed,1
614,Bridgetown (Kensington Oval),2019-10-03,ODI,monsoon,27.3,84.16,1018.49,15.89,58.33,15.48,9.56,28.04,78.44,1020.65,19.5,12.39,0.0,32.22,76.15,0.54,64.15,17.38,Humid/Swing,Rain Interrupted,0
615,Karachi (National Stadium),2019-12-16,ODI,winter,22.8,70.73,1000.04,1.42,35.33,0.0,14.44,24.6,66.1,998.01,6.22,70.6,3.82,27.83,60.6,4.71,49.16,1.09,Humid/Swing,Completed,1
616,Bengaluru (Chinnaswamy),2017-06-01,T20,summer,26.21,67.45,1008.43,33.79,44.11,19.05,8.24,28.72,67.32,1010.71,34.88,37.3,16.24,31.85,56.52,37.52,54.53,33.69,Wet/Green,Abandoned,0
617,Chennai (Chepauk),2018-11-14,ODI,monsoon,22.71,70.65,996.72,1.88,56.13,7.48,12.78,25.67,66.98,997.29,0.4,87.71,0.7,27.83,64.3,19.05,54.99,1.43,Humid/Swing,Rain Interrupted,0
618,Chennai (Chepauk),2018-03-06,T20,monsoon,28.5,73.3,1012.0,31.63,31.36,3.68,13.32,30.13,73.92,1007.24,32.4,44.84,0.42,33.0,68.4,23.18,42.96,32.77,Humid/Swing,Rain Interrupted,0
619,Bridgetown (Kensington Oval),2021-08-26,ODI,monsoon,26.06,83.46,1017.73,16.5,61.51,1.87,12.46,27.39,74.81,1014.49,13.74,59.7,0.0,31.55,73.83,7.09,64.56,17.79,Humid/Swing,Completed,1
620,SCG (Sydney),2022-06-25,ODI,winter,13.16,65.2,1022.45,1.82,61.85,18.02,12.15,13.6,60.26,1028.08,5.83,37.22,11.03,18.6,54.86,13.28,49.11,2.03,Wet/Green,Rain Interrupted,0
621,Mumbai (Wankhede),2017-06-22,ODI,summer,28.44,79.15,1016.26,10.89,58.71,8.15,11.26,33.13,72.49,1013.32,8.24,59.2,0.0,34.26,71.74,14.47,61.92,10.72,Humid/Swing,Abandoned,0
622,Karachi (National Stadium),2015-08-13,Test,monsoon,29.22,70.08,1003.88,31.22,78.83,7.92,12.83,30.25,62.66,1001.78,27.01,41.84,0.0,34.45,60.17,23.95,57.04,28.55,Humid/Swing,Rain Interrupted,0
623,Delhi (Feroz Shah Kotla),2018-05-19,Test,summer,37.28,48.05,1006.37,2.21,33.75,0.0,17.76,38.15,49.22,1006.78,3.09,26.23,0.0,42.29,43.28,0.0,42.48,2.0,Flat/Batting,Completed,1
624,Kolkata (Eden Gardens),2023-07-28,ODI,monsoon,31.24,71.45,1022.96,21.91,72.13,3.74,13.74,34.65,63.12,1019.39,17.12,58.1,0.0,36.59,61.66,34.89,68.11,21.37,Humid/Swing,Rain Interrupted,0
625,Bengaluru (Chinnaswamy),2018-09-05,Test,monsoon,15.55,63.39,1020.76,9.53,70.3,16.43,11.21,20.15,53.98,1019.42,9.19,75.81,0.0,21.7,53.99,24.68,57.7,9.69,Wet/Green,Abandoned,0
626,Mumbai (Wankhede),2020-07-30,T20,monsoon,22.04,81.1,1015.09,2.31,52.76,2.51,13.57,25.04,67.85,1016.94,1.09,81.09,0.0,27.79,70.08,31.04,56.58,1.84,Humid/Swing,Rain Interrupted,0
627,The Oval (London),2016-12-20,Test,winter,-1.31,79.43,1029.4,12.66,54.53,0.0,13.9,2.92,69.01,1027.39,10.5,17.48,3.63,4.55,66.02,5.58,52.46,10.23,Humid/Swing,Completed,1
628,The Oval (London),2020-12-21,T20,winter,6.1,78.93,1020.24,4.27,73.54,1.97,12.9,6.65,75.92,1019.11,4.76,47.12,11.73,10.23,66.82,13.23,53.92,1.36,Humid/Swing,Rain Interrupted,0
629,Delhi (Feroz Shah Kotla),2020-08-11,T20,monsoon,22.88,49.03,1025.11,9.83,63.46,0.85,17.08,25.1,45.78,1029.04,8.78,62.79,0.0,28.07,39.9,13.05,53.67,9.33,Flat/Batting,Rain Interrupted,0
630,Bridgetown (Kensington Oval),2024-01-16,ODI,winter,24.96,82.01,1011.89,9.96,36.99,6.61,10.9,28.66,78.61,1013.95,11.6,32.23,0.0,30.21,74.24,0.0,35.1,9.81,Humid/Swing,Completed,1
631,Chennai (Chepauk),2019-06-15,T20,summer,29.37,75.73,1020.6,0.6,30.79,0.0,13.98,30.56,74.12,1024.13,0.24,25.26,0.0,35.25,65.58,0.0,39.71,1.55,Humid/Swing,Completed,1
632,Mumbai (Wankhede),2019-11-22,Test,monsoon,28.33,79.57,1018.66,12.13,48.06,0.0,14.13,33.03,74.43,1017.61,13.26,46.03,0.7,34.48,71.45,0.7,36.84,11.37,Humid/Swing,Completed,1
633,MCG (Melbourne),2015-11-15,ODI,monsoon,19.07,58.41,989.06,24.3,44.51,0.0,15.66,21.79,59.49,986.05,24.36,25.72,0.0,24.21,50.84,4.75,40.5,25.68,Flat/Batting,Rain Interrupted,0
634,Karachi (National Stadium),2019-10-25,T20,monsoon,27.02,67.72,1032.08,16.09,40.36,0.0,15.0,28.09,63.87,1030.84,23.17,10.94,0.0,31.66,62.76,0.0,41.6,15.43,Humid/Swing,Completed,1
635,The Oval (London),2022-12-16,T20,winter,1.26,72.37,1013.64,5.12,49.88,2.63,14.05,6.63,75.62,1018.68,2.19,53.81,0.0,7.09,68.79,21.15,65.92,6.12,Humid/Swing,Rain Interrupted,0
636,The Oval (London),2018-03-31,Test,monsoon,14.68,78.05,1011.01,8.3,41.27,2.73,12.9,14.45,77.16,1017.83,12.45,14.41,0.0,18.92,67.81,0.0,36.1,10.2,Humid/Swing,Completed,1
637,The Oval (London),2015-03-27,ODI,monsoon,12.74,78.82,1012.76,5.15,30.3,0.0,13.73,14.81,65.72,1010.46,1.6,64.69,0.0,18.11,67.3,0.0,49.88,5.2,Humid/Swing,Completed,1
638,Kolkata (Eden Gardens),2023-12-27,T20,winter,12.4,69.8,1014.63,45.09,47.79,0.0,14.54,14.88,59.45,1019.52,49.55,52.89,4.89,18.51,61.84,10.06,49.72,45.01,Humid/Swing,Completed,1
639,MCG (Melbourne),2024-04-30,T20,monsoon,19.18,62.52,1021.93,34.51,35.8,0.0,15.36,22.55,63.31,1021.32,29.82,20.15,0.0,24.67,51.31,8.71,34.97,33.8,Flat/Batting,Completed,1
640,Lords (London),2015-12-27,ODI,winter,3.99,74.29,1007.2,2.82,51.31,0.0,14.59,6.49,83.38,1005.23,1.38,60.32,0.38,9.31,68.41,25.54,65.38,2.31,Humid/Swing,Rain Interrupted,0
641,Chennai (Chepauk),2017-09-23,ODI,monsoon,22.0,73.99,1007.85,7.41,38.01,0.0,15.05,23.94,64.71,1009.93,2.86,80.92,0.0,27.4,66.13,2.25,51.29,7.96,Humid/Swing,Completed,1
642,Karachi (National Stadium),2019-06-29,T20,summer,30.98,70.07,1009.45,2.48,45.46,0.0,14.47,34.69,71.29,1006.45,0.0,22.67,0.0,36.01,60.89,0.0,38.21,1.9,Humid/Swing,Completed,1
643,Chennai (Chepauk),2019-06-10,ODI,summer,29.06,73.39,1020.02,5.56,52.6,3.11,13.37,30.12,61.8,1018.95,3.38,51.88,0.0,33.68,63.01,2.61,47.87,4.13,Humid/Swing,Completed,1
644,Cape Town (Newlands),2018-10-22,Test,monsoon,20.21,55.56,1011.43,3.73,56.95,0.0,16.96,24.03,51.39,1011.28,7.03,76.89,0.0,26.21,48.29,5.6,46.84,5.55,Flat/Batting,Completed,1
645,Lords (London),2023-09-27,Test,monsoon,15.02,76.69,1003.78,20.27,59.9,0.0,14.5,16.19,66.37,1008.31,16.34,60.9,0.0,19.78,68.79,0.0,37.11,19.46,Humid/Swing,Completed,1
646,Chennai (Chepauk),2020-09-21,T20,monsoon,21.86,72.02,1015.23,42.77,33.05,11.42,13.19,22.64,70.19,1020.81,43.79,52.88,0.0,26.47,66.09,0.0,40.57,42.29,Wet/Green,Delayed Start,1
647,Chennai (Chepauk),2020-12-13,T20,winter,26.46,73.71,1013.99,12.78,63.78,1.29,14.61,30.14,72.35,1009.98,10.49,67.94,0.0,31.92,64.72,6.62,66.69,9.1,Humid/Swing,Completed,1
648,Delhi (Feroz Shah Kotla),2023-09-15,ODI,monsoon,24.55,48.36,1019.82,13.41,45.65,0.31,17.73,28.96,41.27,1015.24,8.74,43.45,2.65,29.63,41.92,6.36,38.65,12.51,Flat/Batting,Completed,1
649,Lords (London),2023-02-27,T20,winter,1.03,78.74,1012.47,8.97,62.17,19.24,7.71,3.61,71.05,1013.23,9.12,66.99,0.0,6.1,68.43,18.17,49.85,7.22,Wet/Green,Abandoned,0
650,Kolkata (Eden Gardens),2017-08-25,Test,monsoon,23.77,69.39,1015.02,34.05,64.8,0.0,15.23,26.76,69.17,1010.22,35.42,88.56,0.0,29.25,63.04,24.28,70.17,33.62,Humid/Swing,Rain Interrupted,0
651,Kolkata (Eden Gardens),2017-11-14,Test,monsoon,29.05,71.07,1023.38,3.48,36.62,0.0,15.26,33.4,70.95,1021.04,0.0,31.89,0.0,35.04,64.63,0.0,36.81,2.99,Humid/Swing,Completed,1
652,Kolkata (Eden Gardens),2021-10-03,Test,monsoon,30.31,74.53,1004.68,7.7,34.62,4.51,13.58,33.11,61.78,1005.48,3.14,81.26,0.0,35.72,62.61,0.0,43.82,8.01,Humid/Swing,Completed,1
653,Bridgetown (Kensington Oval),2015-11-05,Test,monsoon,22.81,81.86,1017.93,11.34,55.51,3.68,12.6,23.89,79.5,1014.18,10.61,91.01,0.0,28.16,74.72,9.15,55.16,12.55,Humid/Swing,Completed,1
654,Bridgetown (Kensington Oval),2020-07-16,ODI,monsoon,27.68,86.25,1003.87,22.69,66.74,17.47,11.86,29.73,74.2,996.36,21.02,70.6,9.25,32.26,76.51,18.43,70.95,20.18,Wet/Green,Rain Interrupted,0
655,Karachi (National Stadium),2023-07-10,T20,monsoon,25.27,72.02,1019.23,22.26,70.25,19.93,10.0,26.45,64.25,1017.43,28.68,36.49,0.0,31.06,61.09,17.71,49.15,25.26,Humid/Swing,Rain Interrupted,0
656,MCG (Melbourne),2022-08-21,T20,winter,7.0,58.03,1019.76,12.76,65.8,5.42,14.6,8.31,59.15,1017.58,17.71,67.47,0.46,11.89,52.23,17.14,56.99,15.54,Flat/Batting,Rain Interrupted,0
657,Bridgetown (Kensington Oval),2022-02-15,T20,winter,20.36,80.74,1025.16,3.29,35.79,0.7,14.13,23.34,79.45,1025.89,8.1,29.75,0.0,26.7,73.94,1.15,40.46,5.77,Humid/Swing,Completed,1
658,Lords (London),2024-09-09,T20,monsoon,9.22,76.49,1019.76,2.0,42.6,8.83,11.33,11.4,62.75,1014.68,3.36,63.68,0.0,15.22,67.95,0.0,37.0,1.51,Humid/Swing,Completed,1
659,Lords (London),2016-09-10,ODI,monsoon,13.71,76.38,1013.07,2.1,43.19,0.0,14.52,15.12,70.17,1014.8,5.16,63.27,0.0,18.85,67.75,0.0,48.76,4.48,Humid/Swing,Completed,1
660,Chennai (Chepauk),2020-04-04,ODI,summer,33.4,72.92,999.95,13.1,36.74,0.0,15.18,34.53,68.81,999.42,14.01,65.06,0.0,38.45,67.96,0.0,44.4,11.42,Humid/Swing,Completed,1
661,Bridgetown (Kensington Oval),2018-05-25,ODI,summer,25.48,82.62,997.37,21.18,36.75,10.96,11.32,27.57,87.9,999.44,21.52,11.86,0.0,29.42,76.88,4.86,34.75,21.35,Humid/Swing,Rain Interrupted,0
662,Karachi (National Stadium),2015-08-19,ODI,monsoon,26.66,66.54,1029.06,3.99,55.28,12.31,12.41,28.91,58.72,1029.03,5.07,59.49,0.0,32.16,61.46,2.58,68.63,3.73,Humid/Swing,Completed,1
663,SCG (Sydney),2015-10-31,ODI,monsoon,13.98,66.03,1027.98,8.28,47.29,0.0,15.77,17.91,65.89,1025.47,12.49,54.21,0.0,20.02,58.58,25.18,39.46,7.89,Humid/Swing,Rain Interrupted,0
664,MCG (Melbourne),2020-01-26,Test,summer,28.45,62.11,1019.77,11.61,40.88,0.0,16.28,31.68,48.73,1024.9,13.63,38.53,0.0,33.73,49.54,3.02,37.81,13.31,Flat/Batting,Completed,1
665,Mumbai (Wankhede),2019-02-19,ODI,winter,20.9,78.14,1014.57,16.64,49.64,0.0,14.31,24.34,74.65,1014.96,8.54,26.24,0.0,26.86,71.56,0.0,29.25,14.67,Humid/Swing,Completed,1
666,Chennai (Chepauk),2022-03-25,Test,monsoon,23.46,71.94,1018.72,1.26,40.04,0.0,14.87,26.92,78.0,1012.01,4.87,39.36,0.0,29.48,67.08,0.0,35.59,1.74,Humid/Swing,Completed,1
667,Karachi (National Stadium),2021-08-30,T20,monsoon,28.66,69.78,1012.66,13.28,75.25,0.0,15.34,30.46,72.97,1015.58,14.12,60.88,6.26,33.56,61.76,22.21,52.7,13.99,Humid/Swing,Rain Interrupted,0
668,The Oval (London),2020-03-10,T20,monsoon,11.68,76.52,1004.68,3.28,39.13,4.33,12.14,14.12,62.48,1002.6,4.95,14.54,0.0,16.45,69.56,5.75,41.89,4.52,Humid/Swing,Completed,1
669,SCG (Sydney),2023-11-18,T20,monsoon,14.52,66.96,1001.62,1.28,42.63,0.0,15.9,16.27,53.76,1001.63,0.0,70.46,0.0,19.72,55.71,0.0,35.23,0.42,Humid/Swing,Completed,1
670,Mumbai (Wankhede),2020-01-17,T20,winter,17.71,78.55,1010.07,31.88,41.73,3.26,13.25,19.53,81.84,1005.17,28.51,46.5,0.0,22.42,70.07,0.0,36.43,30.33,Humid/Swing,Completed,1
671,Bridgetown (Kensington Oval),2017-02-10,ODI,winter,22.43,81.51,999.43,9.78,37.84,0.0,13.98,25.49,69.91,1001.76,8.04,5.27,0.0,28.34,73.08,13.13,36.94,9.61,Humid/Swing,Completed,1
672,Karachi (National Stadium),2020-05-02,T20,summer,36.34,68.3,1007.33,4.76,37.53,0.0,15.35,40.87,65.55,1010.58,5.2,9.12,0.0,41.58,63.97,0.44,23.2,2.16,Humid/Swing,Completed,1
673,Kolkata (Eden Gardens),2015-09-11,ODI,monsoon,26.12,69.47,991.8,8.89,41.61,0.0,15.1,27.73,67.9,994.83,6.87,44.22,0.0,30.92,64.41,0.0,36.99,9.83,Humid/Swing,Completed,1
674,Chennai (Chepauk),2024-02-04,ODI,winter,19.2,72.7,1020.27,8.84,44.06,0.0,14.66,25.02,76.12,1017.4,13.77,16.14,0.0,25.12,69.32,9.56,35.36,11.36,Humid/Swing,Completed,1
675,Cape Town (Newlands),2015-12-12,T20,summer,23.67,59.06,1011.96,12.63,36.9,0.0,16.36,27.41,61.93,1011.91,11.95,47.9,0.0,28.62,53.18,5.94,42.79,13.86,Flat/Batting,Completed,1
676,Bridgetown (Kensington Oval),2016-12-07,Test,winter,22.37,85.37,1010.38,8.01,35.73,0.0,13.32,26.53,81.19,1005.14,7.95,58.95,0.0,28.46,74.36,8.15,35.75,8.01,Wet/Green,Completed,1
677,Delhi (Feroz Shah Kotla),2022-12-08,ODI,winter,13.06,47.67,1018.25,4.44,31.84,0.0,18.22,15.17,41.81,1020.33,5.57,59.55,0.0,17.85,43.6,2.34,38.54,5.46,Flat/Batting,Completed,1
678,MCG (Melbourne),2020-11-16,T20,monsoon,12.04,60.83,1006.84,18.93,42.17,6.59,14.0,15.48,59.69,1006.98,23.84,23.3,0.0,16.6,50.19,9.34,44.18,18.85,Flat/Batting,Delayed Start,1
679,Karachi (National Stadium),2016-10-12,ODI,monsoon,27.58,74.0,1010.72,20.62,46.47,0.0,14.68,28.95,75.43,1014.93,19.09,29.27,0.0,32.77,64.6,2.56,40.41,19.68,Humid/Swing,Completed,1
680,Lords (London),2018-03-04,ODI,monsoon,13.42,74.02,997.26,13.91,28.18,7.56,12.28,15.08,69.15,999.43,13.71,35.88,0.0,19.06,67.06,7.18,32.59,15.4,Humid/Swing,Completed,1
681,The Oval (London),2023-09-08,ODI,monsoon,13.87,74.8,1015.89,23.28,33.61,1.07,14.33,16.4,75.23,1016.08,20.33,38.29,0.0,20.07,70.12,7.15,37.69,21.9,Humid/Swing,Completed,1
682,Bridgetown (Kensington Oval),2021-09-14,Test,monsoon,21.18,82.87,1015.65,4.21,64.17,18.63,9.35,25.41,77.28,1016.88,5.73,59.49,0.0,26.83,72.69,2.34,60.11,3.69,Wet/Green,Rain Interrupted,0
683,Bridgetown (Kensington Oval),2022-04-05,ODI,summer,22.71,83.93,1012.52,3.73,37.37,4.56,12.05,25.65,78.0,1017.56,0.0,25.34,0.0,27.39,73.62,0.51,40.33,2.94,Humid/Swing,Completed,1
684,Chennai (Chepauk),2018-09-12,Test,monsoon,23.67,74.79,1027.28,3.32,35.17,0.45,14.08,28.08,73.85,1018.32,3.1,64.1,0.0,29.78,66.1,0.0,40.51,3.1,Humid/Swing,Completed,1
685,SCG (Sydney),2022-08-10,ODI,winter,13.66,64.58,1005.49,11.46,44.52,2.09,15.21,15.92,57.31,1008.35,9.0,44.12,5.54,19.65,58.27,14.44,58.26,11.99,Flat/Batting,Completed,1
686,Bengaluru (Chinnaswamy),2017-10-29,T20,monsoon,21.88,65.75,1019.09,47.43,66.79,12.89,11.92,25.75,67.65,1018.76,55.29,36.13,0.0,27.84,58.46,12.33,62.37,47.75,Wet/Green,Rain Interrupted,0
687,Bridgetown (Kensington Oval),2021-10-04,Test,monsoon,22.17,86.6,1004.65,4.78,62.55,0.0,12.74,23.56,79.39,1000.76,0.0,71.15,0.0,27.6,73.73,35.59,63.55,2.53,Wet/Green,Rain Interrupted,0
688,Lords (London),2015-11-30,T20,monsoon,10.06,74.1,1016.75,4.81,56.84,12.61,10.9,11.98,69.84,1016.71,4.17,74.2,0.0,15.42,68.08,50.04,61.27,6.46,Humid/Swing,Abandoned,0
689,Bridgetown (Kensington Oval),2016-08-02,ODI,monsoon,25.17,85.24,994.39,1.31,49.04,21.6,8.77,28.1,75.64,993.4,4.6,94.3,0.0,30.66,74.4,22.36,64.08,2.37,Wet/Green,Abandoned,0
690,Bengaluru (Chinnaswamy),2022-05-11,T20,summer,26.54,63.81,1018.71,2.28,63.51,4.92,14.54,29.87,56.96,1019.4,3.19,32.12,0.0,31.59,55.37,15.25,58.39,3.85,Flat/Batting,Rain Interrupted,0
691,Bridgetown (Kensington Oval),2019-05-25,Test,summer,27.63,87.32,1009.83,23.26,30.35,0.0,12.99,31.58,65.38,1014.25,18.87,54.26,0.0,33.73,72.57,0.0,42.04,22.63,Wet/Green,Completed,1
692,Karachi (National Stadium),2022-12-13,Test,winter,12.3,69.08,1012.17,40.83,38.63,0.26,14.76,15.6,68.53,1013.54,33.52,14.58,0.0,18.43,61.99,0.0,52.27,41.37,Humid/Swing,Completed,1
693,Bengaluru (Chinnaswamy),2021-04-08,ODI,summer,20.76,63.6,1016.34,6.27,38.82,0.0,14.89,23.65,61.28,1014.37,8.81,14.03,0.0,26.34,55.76,3.31,35.3,6.08,Flat/Batting,Completed,1
694,Bridgetown (Kensington Oval),2023-11-17,ODI,monsoon,26.93,82.81,999.52,3.08,55.72,34.38,7.32,27.79,73.15,1005.41,5.59,93.13,0.0,32.0,75.23,14.04,57.77,3.32,Humid/Swing,Abandoned,0
695,Kolkata (Eden Gardens),2022-07-07,T20,monsoon,29.49,71.03,1025.74,15.46,69.64,2.09,14.27,32.45,76.43,1022.11,19.16,85.3,0.1,34.37,66.05,7.98,58.45,16.82,Humid/Swing,Completed,1
696,Cape Town (Newlands),2022-09-08,T20,monsoon,11.84,58.72,1002.36,21.33,41.08,0.0,15.98,14.42,61.38,1000.31,23.79,40.9,0.0,18.11,50.68,0.0,40.0,22.43,Flat/Batting,Completed,1
697,Chennai (Chepauk),2022-03-31,T20,monsoon,21.47,74.99,1009.57,1.1,51.91,0.0,13.69,25.58,70.45,1008.07,1.37,69.97,0.0,27.2,67.09,0.0,54.13,2.65,Humid/Swing,Completed,1
698,The Oval (London),2020-09-13,ODI,monsoon,8.0,78.1,1011.51,16.67,35.26,4.48,11.7,11.0,82.64,1009.18,13.63,15.52,0.0,13.26,67.39,0.0,34.58,16.59,Humid/Swing,Completed,1
699,Mumbai (Wankhede),2019-01-25,ODI,winter,19.68,79.07,1019.46,25.86,37.08,1.56,13.35,25.46,73.51,1016.87,24.37,47.64,3.48,26.23,72.78,6.05,48.24,25.55,Humid/Swing,Completed,1
700,Kolkata (Eden Gardens),2017-05-27,ODI,summer,30.28,70.82,1026.88,15.34,25.96,0.0,14.85,35.08,71.5,1028.37,20.57,28.68,0.0,35.18,63.04,0.35,33.38,17.34,Humid/Swing,Completed,1
701,MCG (Melbourne),2017-02-25,Test,summer,26.46,56.7,1005.91,29.2,18.63,0.0,17.36,27.43,57.48,1006.89,19.05,59.26,0.0,30.85,53.55,0.23,40.93,27.82,Flat/Batting,Completed,1
702,Kolkata (Eden Gardens),2016-09-26,Test,monsoon,24.3,72.51,1013.6,14.4,51.16,6.08,13.7,24.87,70.42,1014.79,17.66,47.68,0.0,29.1,67.13,2.94,38.73,17.91,Humid/Swing,Completed,1
703,Bengaluru (Chinnaswamy),2024-06-20,Test,summer,23.02,62.83,1016.53,1.71,62.84,21.52,9.36,27.83,56.15,1020.67,0.16,56.33,0.0,27.97,56.17,9.57,65.88,1.58,Wet/Green,Rain Interrupted,0
704,SCG (Sydney),2023-08-24,T20,winter,11.97,67.76,1002.46,0.02,52.63,7.17,13.08,14.52,50.85,1000.39,0.0,38.76,16.83,17.01,57.6,44.57,63.75,1.43,Humid/Swing,Abandoned,0
705,Cape Town (Newlands),2024-11-28,T20,monsoon,19.85,61.17,1025.08,9.75,31.59,0.0,15.31,23.95,59.59,1024.49,11.33,36.88,0.0,26.21,52.47,7.87,42.31,12.06,Flat/Batting,Completed,1
706,Mumbai (Wankhede),2022-06-04,ODI,summer,26.44,80.8,1016.19,3.06,64.04,18.73,9.06,27.96,65.94,1015.59,2.81,94.98,9.05,31.64,67.54,26.1,66.47,3.43,Humid/Swing,Abandoned,0
707,Karachi (National Stadium),2016-06-20,T20,summer,33.92,69.2,1011.97,1.35,41.63,4.3,13.78,37.6,65.7,1012.55,0.14,43.03,0.0,38.75,61.85,0.0,42.07,1.99,Humid/Swing,Completed,1
708,The Oval (London),2016-09-23,Test,monsoon,10.16,76.75,1000.26,10.87,53.01,10.05,11.06,13.36,77.8,1001.02,10.9,13.86,0.0,15.55,69.31,6.39,33.35,9.14,Humid/Swing,Completed,1
709,Kolkata (Eden Gardens),2024-04-28,T20,summer,30.37,68.86,999.41,2.32,55.27,15.29,13.12,33.33,71.77,1002.82,0.0,41.81,0.0,35.49,64.41,0.0,40.7,1.42,Humid/Swing,Rain Interrupted,0
710,Karachi (National Stadium),2024-01-27,Test,winter,12.2,71.04,1020.37,16.67,32.17,1.2,14.81,16.35,60.97,1015.69,19.06,33.18,0.0,17.71,58.22,0.0,47.12,16.38,Humid/Swing,Completed,1
711,Cape Town (Newlands),2019-11-28,Test,monsoon,17.76,57.66,1009.08,19.03,38.12,9.51,13.36,20.56,54.77,1004.22,13.48,24.5,0.0,22.92,50.91,0.0,26.87,19.75,Flat/Batting,Completed,1
712,The Oval (London),2019-02-01,T20,winter,3.72,76.32,1010.1,3.66,65.67,12.72,9.93,4.11,73.81,1008.06,2.99,34.97,0.52,8.64,70.27,19.83,59.44,8.01,Humid/Swing,Rain Interrupted,0
713,Cape Town (Newlands),2017-08-30,ODI,winter,7.73,60.99,1031.04,6.31,59.87,14.63,13.34,11.66,57.25,1030.79,3.25,62.26,8.25,13.48,52.34,29.31,61.89,4.75,Wet/Green,Rain Interrupted,0
714,Karachi (National Stadium),2018-03-13,T20,monsoon,27.24,67.96,1007.26,12.58,43.0,0.0,14.83,29.63,64.8,1006.29,19.0,54.33,0.0,32.26,62.85,2.84,36.49,15.81,Humid/Swing,Completed,1
715,MCG (Melbourne),2017-08-16,T20,winter,9.08,59.17,1015.86,1.53,52.69,5.67,14.53,11.54,46.53,1010.23,6.89,30.59,3.74,14.68,50.21,13.75,65.73,3.18,Flat/Batting,Rain Interrupted,0
716,Delhi (Feroz Shah Kotla),2018-06-21,ODI,summer,29.49,50.51,1010.7,2.66,39.29,0.0,17.59,31.09,37.43,1008.82,2.14,62.76,0.0,34.51,39.61,1.86,38.42,3.12,Flat/Batting,Completed,1
717,Delhi (Feroz Shah Kotla),2019-02-15,T20,winter,5.28,51.16,1018.78,4.09,39.13,1.17,17.11,9.03,43.93,1013.52,2.73,32.77,0.0,11.13,42.07,1.81,38.67,6.1,Flat/Batting,Completed,1
718,Karachi (National Stadium),2019-12-10,ODI,winter,21.87,70.58,1014.07,8.57,39.46,6.24,13.12,26.72,69.29,1013.21,8.32,55.79,0.0,27.89,60.12,0.0,47.7,6.62,Humid/Swing,Completed,1
719,Bengaluru (Chinnaswamy),2023-09-23,ODI,monsoon,18.87,66.37,1006.77,2.62,65.99,14.49,10.8,23.56,51.4,1010.72,6.01,37.24,4.91,24.77,55.7,33.15,58.94,3.19,Humid/Swing,Abandoned,0
720,SCG (Sydney),2020-11-30,ODI,monsoon,15.17,64.36,1030.75,1.3,36.65,8.28,12.55,19.18,55.13,1032.26,0.0,23.16,0.0,20.49,54.83,0.4,37.08,2.18,Flat/Batting,Completed,1
721,Kolkata (Eden Gardens),2024-02-28,Test,winter,18.28,70.75,1008.9,2.32,41.98,0.0,14.94,22.47,71.43,1009.69,8.4,30.25,0.0,24.04,65.65,12.99,41.77,5.4,Humid/Swing,Completed,1
722,Karachi (National Stadium),2016-07-20,ODI,monsoon,32.54,68.19,1026.97,30.06,64.55,6.02,13.53,32.94,61.32,1019.27,35.56,38.15,0.0,37.43,60.5,50.82,57.05,29.02,Humid/Swing,Abandoned,0
723,Mumbai (Wankhede),2022-03-11,ODI,monsoon,26.92,76.28,1006.84,3.9,32.83,0.0,14.18,30.77,79.42,1007.3,1.79,13.47,0.0,33.05,70.95,5.1,35.53,2.86,Humid/Swing,Completed,1
724,Lords (London),2021-03-21,Test,monsoon,14.68,76.96,1021.49,7.24,39.58,0.0,14.06,16.03,71.71,1023.03,9.76,55.34,0.0,20.43,69.62,0.0,31.84,7.7,Humid/Swing,Completed,1
725,Cape Town (Newlands),2024-06-26,T20,winter,12.42,59.28,1033.52,12.35,49.49,0.68,16.08,13.65,45.05,1033.23,15.77,26.52,0.0,18.76,50.12,17.28,48.6,11.98,Flat/Batting,Rain Interrupted,0
726,Chennai (Chepauk),2018-03-13,Test,monsoon,29.72,71.82,1019.47,2.06,48.81,0.0,15.24,28.87,83.6,1020.37,2.53,67.01,0.0,34.31,65.8,0.0,36.14,2.86,Humid/Swing,Completed,1
727,Kolkata (Eden Gardens),2018-01-22,ODI,winter,12.4,72.76,1016.25,6.4,42.67,7.53,12.96,14.89,69.38,1013.67,10.27,42.02,0.0,18.27,64.69,0.0,42.8,5.43,Humid/Swing,Completed,1
728,SCG (Sydney),2016-08-26,ODI,winter,10.97,66.3,1009.11,11.08,54.83,22.55,10.24,13.11,54.2,1008.84,9.29,51.32,3.23,16.49,54.07,15.15,61.0,7.88,Humid/Swing,Abandoned,0
729,Chennai (Chepauk),2017-06-28,ODI,summer,36.14,70.86,997.04,5.84,46.85,0.39,14.31,36.64,67.85,996.23,2.49,77.87,0.0,41.27,65.24,0.0,41.16,5.11,Humid/Swing,Completed,1
730,Lords (London),2015-04-20,ODI,summer,18.94,78.2,1011.52,4.5,39.34,0.0,13.5,21.36,66.53,1014.63,1.18,60.43,0.0,24.62,69.28,0.0,39.47,3.17,Humid/Swing,Completed,1
731,Mumbai (Wankhede),2019-06-12,T20,summer,33.48,82.21,1009.01,19.39,66.24,6.34,11.49,37.91,77.94,1006.42,13.02,73.93,0.0,39.35,71.65,14.78,65.13,17.94,Humid/Swing,Rain Interrupted,0
732,Lords (London),2017-08-23,ODI,monsoon,10.81,78.63,1012.68,20.43,43.92,0.0,14.29,13.38,76.41,1010.95,20.01,61.19,0.0,16.59,69.29,24.41,40.03,19.74,Humid/Swing,Rain Interrupted,0
733,Chennai (Chepauk),2019-03-16,Test,monsoon,24.78,74.62,1023.91,12.7,40.04,0.0,14.51,27.28,68.16,1026.19,12.39,7.28,0.0,29.98,64.71,16.36,42.53,10.23,Humid/Swing,Completed,1
734,Mumbai (Wankhede),2018-07-29,Test,monsoon,23.47,77.82,1004.13,6.42,52.87,15.58,8.83,25.7,73.91,1004.36,5.24,57.7,0.0,29.06,72.89,17.03,53.02,7.2,Humid/Swing,Rain Interrupted,0
735,Cape Town (Newlands),2022-04-16,ODI,monsoon,15.94,60.27,1009.53,21.06,34.92,0.0,16.2,18.03,52.73,1005.12,12.72,16.85,21.18,21.67,50.9,21.18,41.07,21.19,Flat/Batting,Rain Interrupted,0
736,Kolkata (Eden Gardens),2016-07-17,Test,monsoon,25.41,72.93,1017.68,52.37,52.69,18.9,10.12,28.55,62.35,1018.21,45.32,27.84,0.0,30.76,64.34,2.85,55.34,52.5,Humid/Swing,Rain Interrupted,0
737,Bengaluru (Chinnaswamy),2024-04-21,ODI,summer,22.49,61.94,1011.19,3.29,49.08,0.0,15.47,24.88,58.15,1011.96,0.0,30.81,0.0,27.63,54.27,13.2,32.3,2.01,Flat/Batting,Completed,1
738,Cape Town (Newlands),2024-04-27,Test,monsoon,20.69,60.16,991.91,13.08,39.54,0.0,16.5,24.18,51.79,986.6,12.68,36.92,0.0,25.25,52.71,0.0,33.89,12.1,Flat/Batting,Completed,1
739,Cape Town (Newlands),2020-04-05,ODI,monsoon,18.2,58.59,1005.57,12.09,44.04,0.0,16.66,20.56,61.3,1006.52,15.75,45.16,0.0,23.07,53.45,0.0,41.47,9.64,Flat/Batting,Completed,1
740,Karachi (National Stadium),2015-01-22,Test,winter,13.29,64.75,999.65,2.98,52.4,0.0,15.92,17.02,54.66,1002.14,1.79,15.74,0.0,18.6,59.03,0.07,35.29,3.65,Flat/Batting,Completed,1
741,Mumbai (Wankhede),2017-11-14,Test,monsoon,22.92,78.7,1008.95,9.2,37.62,0.0,13.9,24.9,78.83,1009.8,12.87,28.33,0.0,28.95,73.6,0.0,32.12,9.93,Humid/Swing,Completed,1
742,Kolkata (Eden Gardens),2021-02-25,T20,winter,19.09,73.71,1032.63,4.78,44.66,2.95,14.01,21.57,70.9,1031.51,5.43,53.54,0.0,24.39,65.55,0.0,38.59,4.75,Humid/Swing,Completed,1
743,Karachi (National Stadium),2020-12-01,ODI,winter,20.64,70.09,1000.45,2.72,47.66,8.22,12.97,22.27,72.61,1002.87,3.47,38.54,0.0,26.21,62.34,0.0,25.39,1.85,Humid/Swing,Completed,1
744,Chennai (Chepauk),2023-09-15,ODI,monsoon,22.91,71.53,999.58,2.97,47.85,0.0,14.83,25.41,79.2,999.71,0.0,58.87,0.0,27.55,68.45,5.48,39.73,2.64,Humid/Swing,Completed,1
745,Delhi (Feroz Shah Kotla),2018-05-18,Test,summer,41.76,47.14,1018.52,4.28,39.19,0.0,16.99,43.61,37.94,1014.02,0.0,67.72,0.0,47.21,41.07,0.0,44.46,1.99,Flat/Batting,Completed,1
746,Mumbai (Wankhede),2017-09-03,ODI,monsoon,23.03,82.42,1001.48,3.0,69.66,29.24,7.22,25.85,69.77,1001.65,5.61,85.95,4.8,27.72,70.23,59.69,58.11,4.23,Wet/Green,Abandoned,0
747,Bridgetown (Kensington Oval),2023-11-26,T20,monsoon,24.42,79.18,1005.23,7.29,52.08,9.49,11.33,27.9,77.73,1002.73,4.68,46.35,0.0,30.34,73.64,46.95,45.3,8.23,Humid/Swing,Abandoned,0
748,MCG (Melbourne),2015-09-15,Test,monsoon,17.76,61.19,1014.38,10.77,60.35,7.5,13.58,20.81,48.26,1011.91,6.8,28.79,0.0,23.59,50.79,26.76,64.14,11.83,Flat/Batting,Abandoned,0
749,MCG (Melbourne),2021-09-10,T20,monsoon,16.1,60.27,1015.64,34.6,48.52,6.09,13.97,17.99,47.57,1016.09,36.98,94.6,0.0,21.48,51.17,14.64,57.31,36.85,Flat/Batting,Rain Interrupted,0
750,Mumbai (Wankhede),2022-02-01,T20,winter,20.84,80.61,1018.81,8.7,26.51,2.96,12.55,24.86,69.59,1018.38,13.32,55.91,9.88,27.48,73.29,13.65,41.38,9.78,Humid/Swing,Completed,1
751,Karachi (National Stadium),2017-09-17,T20,monsoon,31.92,70.25,1022.87,7.29,31.77,0.0,14.56,34.91,65.3,1019.67,3.04,77.45,0.0,37.39,63.22,0.0,39.61,5.9,Humid/Swing,Completed,1
752,Kolkata (Eden Gardens),2018-04-08,ODI,summer,27.78,74.0,1005.95,17.99,35.48,4.91,12.98,32.25,74.62,1011.37,17.87,29.05,0.0,34.64,63.71,7.92,42.52,18.72,Humid/Swing,Rain Interrupted,0
753,Mumbai (Wankhede),2021-11-23,ODI,monsoon,27.8,76.3,1022.86,1.99,44.58,0.86,14.43,30.83,79.69,1027.03,2.97,17.99,0.0,33.21,73.27,4.71,38.29,2.23,Humid/Swing,Completed,1
754,Delhi (Feroz Shah Kotla),2021-05-26,ODI,summer,32.84,43.77,995.63,3.13,38.6,0.0,17.17,36.62,42.84,997.43,2.34,48.1,0.0,38.17,41.46,7.61,39.6,4.18,Flat/Batting,Completed,1
755,Kolkata (Eden Gardens),2022-06-14,T20,summer,26.06,68.07,1010.45,12.82,60.19,6.27,12.95,27.67,54.83,1010.98,10.52,44.92,0.0,30.92,60.37,18.22,63.54,12.96,Humid/Swing,Rain Interrupted,0
756,Chennai (Chepauk),2020-11-14,ODI,monsoon,27.35,74.02,1025.13,26.41,71.12,0.0,14.49,30.76,71.48,1025.28,31.26,82.96,4.4,31.95,66.75,9.34,63.9,26.25,Humid/Swing,Completed,1
757,Chennai (Chepauk),2020-11-24,T20,monsoon,30.41,71.96,988.75,0.66,40.32,0.8,14.91,31.64,60.06,979.02,0.0,31.07,0.0,35.07,63.29,2.98,64.63,1.64,Humid/Swing,Completed,1
758,SCG (Sydney),2023-10-27,T20,monsoon,16.66,63.1,1017.53,4.38,23.81,10.44,12.4,18.64,55.94,1012.8,4.81,16.7,0.0,22.05,57.49,0.0,42.18,2.52,Flat/Batting,Completed,1
759,SCG (Sydney),2015-03-25,ODI,monsoon,12.39,63.48,1009.67,24.3,39.81,0.0,14.86,14.83,59.14,1010.97,22.07,34.32,0.0,17.42,57.52,2.26,37.02,22.2,Flat/Batting,Completed,1
760,MCG (Melbourne),2015-06-28,T20,winter,7.91,55.88,1022.57,24.0,33.62,0.0,16.54,11.08,53.79,1018.8,32.81,20.4,0.0,14.0,51.12,5.11,32.89,24.68,Flat/Batting,Completed,1
761,The Oval (London),2019-03-10,ODI,monsoon,14.41,79.48,1002.44,3.49,36.49,7.48,11.7,16.21,73.21,1000.88,4.96,37.76,0.0,19.45,70.59,3.8,42.83,4.34,Humid/Swing,Completed,1
762,Cape Town (Newlands),2015-03-08,ODI,monsoon,13.12,60.32,1023.03,4.28,47.36,4.21,14.5,13.99,47.96,1023.06,9.19,61.77,0.0,18.13,52.34,2.9,40.92,4.72,Flat/Batting,Completed,1
763,Chennai (Chepauk),2018-11-13,Test,monsoon,30.86,75.44,1014.85,4.3,70.04,0.0,15.09,33.42,75.69,1012.43,1.47,77.15,6.19,35.75,65.21,11.4,65.14,5.22,Humid/Swing,Completed,1
764,Cape Town (Newlands),2022-05-15,T20,monsoon,12.9,61.62,1004.45,21.39,59.52,12.69,11.49,14.7,47.38,999.68,19.64,50.25,1.22,18.32,52.12,30.43,59.8,20.99,Flat/Batting,Rain Interrupted,0
765,Chennai (Chepauk),2023-08-27,T20,monsoon,30.06,73.72,1019.9,2.82,33.93,0.0,14.28,33.9,72.79,1024.15,10.15,28.53,0.0,36.13,65.64,6.37,33.57,4.58,Humid/Swing,Completed,1
766,Cape Town (Newlands),2023-06-27,ODI,winter,9.21,54.92,1023.48,5.19,56.51,3.89,15.24,13.99,51.56,1023.79,7.27,92.82,0.0,14.87,50.71,28.29,55.28,3.56,Flat/Batting,Rain Interrupted,0
767,Kolkata (Eden Gardens),2015-07-01,ODI,monsoon,26.32,73.11,1015.97,14.34,59.0,17.12,12.18,28.97,61.06,1020.11,13.24,62.59,0.0,32.03,63.08,17.17,58.45,13.98,Wet/Green,Rain Interrupted,0
768,SCG (Sydney),2018-10-18,T20,monsoon,19.95,68.47,1004.15,3.61,35.51,1.58,15.32,22.69,59.14,1008.24,0.0,18.86,0.0,24.65,57.22,0.0,38.84,0.89,Humid/Swing,Completed,1
769,Kolkata (Eden Gardens),2024-04-24,T20,summer,28.39,70.63,1009.86,6.51,26.27,0.0,14.84,30.72,63.5,1011.88,11.36,45.45,0.0,34.69,64.24,1.93,41.46,7.49,Humid/Swing,Completed,1
770,MCG (Melbourne),2022-10-19,ODI,monsoon,14.55,61.38,1019.29,29.77,37.56,0.53,15.9,18.34,57.88,1017.63,32.44,17.58,0.0,20.42,52.39,22.24,46.59,29.55,Flat/Batting,Rain Interrupted,0
771,Bridgetown (Kensington Oval),2017-01-16,Test,winter,25.68,83.1,1001.43,2.49,25.75,0.0,13.28,29.05,75.32,1002.68,0.0,70.63,0.0,30.81,72.79,0.0,37.61,2.42,Humid/Swing,Completed,1
772,Chennai (Chepauk),2023-01-11,ODI,winter,26.48,77.04,1026.35,2.44,27.64,0.0,14.57,31.11,73.19,1025.88,4.27,13.3,1.97,32.96,65.36,1.97,43.04,4.27,Humid/Swing,Completed,1
773,Mumbai (Wankhede),2018-04-16,Test,summer,33.07,82.24,1021.73,2.5,53.73,0.0,13.07,35.64,67.18,1020.54,0.0,23.22,0.0,38.88,73.7,12.64,35.45,2.28,Humid/Swing,Completed,1
774,Mumbai (Wankhede),2023-11-15,Test,monsoon,23.56,80.35,1003.99,13.32,40.1,7.9,12.06,26.57,80.61,1006.07,18.1,48.32,0.37,29.4,71.48,1.24,38.72,13.58,Humid/Swing,Delayed Start,1
775,Mumbai (Wankhede),2018-07-16,ODI,monsoon,24.78,77.48,1022.82,1.58,72.97,0.0,15.4,26.99,72.98,1017.59,0.68,74.14,9.93,29.46,71.43,32.27,63.7,1.15,Humid/Swing,Rain Interrupted,0
776,SCG (Sydney),2019-06-20,T20,winter,8.53,62.27,1018.8,19.36,72.09,28.31,8.31,8.28,55.33,1021.75,16.62,44.26,1.37,13.85,55.76,12.25,55.34,20.94,Wet/Green,Rain Interrupted,0
777,MCG (Melbourne),2017-11-03,Test,monsoon,9.61,61.42,1003.76,3.47,32.03,0.0,15.54,10.55,50.26,1004.25,1.26,19.22,0.0,14.65,47.17,0.0,31.75,2.06,Flat/Batting,Completed,1
778,Bridgetown (Kensington Oval),2017-02-21,ODI,winter,25.21,80.78,1033.67,6.91,26.18,5.22,12.62,27.94,76.19,1029.52,0.0,46.36,0.0,29.99,76.04,0.0,39.84,4.53,Humid/Swing,Completed,1
779,Lords (London),2024-09-01,Test,monsoon,10.96,76.62,1017.0,1.71,51.93,0.0,14.12,10.6,68.68,1021.44,0.0,62.16,0.0,16.57,66.83,0.0,37.86,0.78,Humid/Swing,Completed,1
780,Bridgetown (Kensington Oval),2018-09-21,ODI,monsoon,21.53,80.96,1008.4,1.78,65.63,39.44,7.2,22.76,85.01,1012.14,5.59,85.03,0.0,26.68,73.84,8.45,64.18,3.16,Wet/Green,Abandoned,0
781,Chennai (Chepauk),2023-12-19,ODI,winter,19.78,70.4,1009.46,8.1,60.02,7.2,12.42,23.69,66.67,1007.46,5.39,57.63,11.74,24.79,66.82,29.58,56.34,7.55,Humid/Swing,Rain Interrupted,0
782,The Oval (London),2024-12-22,ODI,winter,-0.78,78.69,1009.93,8.34,64.84,2.49,13.5,3.22,72.31,1002.81,13.62,74.51,0.0,5.74,70.49,1.32,61.14,9.73,Humid/Swing,Completed,1
783,Cape Town (Newlands),2019-12-07,ODI,summer,24.73,58.44,1016.62,1.24,43.56,0.06,15.86,29.31,59.0,1012.82,0.18,62.36,0.0,30.45,52.71,0.0,43.21,1.96,Flat/Batting,Completed,1
784,Lords (London),2017-02-04,ODI,winter,3.0,72.85,1003.46,12.22,50.4,0.74,14.13,8.91,70.19,998.51,13.94,82.66,6.67,8.58,66.1,29.36,66.76,11.4,Humid/Swing,Rain Interrupted,0
785,Cape Town (Newlands),2020-07-30,ODI,winter,8.09,59.46,1011.88,7.91,51.45,29.52,11.37,11.45,57.08,1006.04,0.0,98.24,0.19,13.63,50.95,15.31,69.75,6.6,Wet/Green,Abandoned,0
786,SCG (Sydney),2017-12-28,Test,summer,28.4,63.19,1007.56,0.74,26.42,3.87,13.98,33.67,56.16,1006.95,2.65,75.4,0.0,33.87,57.3,8.43,41.66,3.36,Flat/Batting,Completed,1
787,Cape Town (Newlands),2019-10-05,Test,monsoon,13.54,59.2,1016.26,6.14,36.77,0.0,15.86,14.46,57.16,1015.58,4.84,20.66,0.0,18.77,51.76,12.91,42.65,4.57,Flat/Batting,Completed,1
788,The Oval (London),2021-10-03,Test,monsoon,13.94,74.54,1003.05,4.18,64.16,14.62,11.99,19.76,82.22,1001.7,5.5,62.03,0.17,20.1,71.76,24.28,60.5,4.21,Humid/Swing,Rain Interrupted,0
789,SCG (Sydney),2018-04-18,ODI,monsoon,18.07,67.4,998.17,3.55,35.95,6.61,13.38,21.37,55.05,1000.79,4.6,51.48,0.0,23.24,55.9,0.0,42.45,3.92,Humid/Swing,Completed,1
790,Chennai (Chepauk),2015-11-24,ODI,monsoon,26.69,80.56,1006.58,0.8,62.49,10.28,11.7,29.18,77.41,1008.99,0.0,46.96,9.81,31.44,65.65,31.64,62.91,1.27,Wet/Green,Rain Interrupted,0
791,Bridgetown (Kensington Oval),2018-04-25,ODI,summer,26.67,81.72,1009.3,10.3,44.83,0.0,14.16,30.28,82.45,1013.65,10.06,14.36,0.0,32.05,76.84,2.96,32.17,8.78,Humid/Swing,Completed,1
792,MCG (Melbourne),2021-10-04,T20,monsoon,16.24,52.49,1003.78,23.7,45.31,0.0,16.74,17.42,53.46,1003.12,22.67,81.41,0.0,21.74,52.27,0.0,44.5,23.06,Flat/Batting,Completed,1
793,The Oval (London),2016-11-13,T20,monsoon,8.41,77.53,1016.84,2.91,69.39,40.7,7.82,9.92,79.15,1012.31,5.3,69.17,0.0,13.57,72.74,17.41,60.0,3.36,Humid/Swing,Abandoned,0
794,MCG (Melbourne),2018-12-10,ODI,summer,19.37,61.54,1010.03,13.33,33.85,4.78,14.59,22.48,59.49,1012.23,15.59,68.21,0.0,25.2,53.74,0.0,42.69,13.91,Flat/Batting,Completed,1
795,Mumbai (Wankhede),2023-02-25,ODI,winter,23.79,79.46,1018.78,0.67,40.68,1.72,14.0,25.33,76.84,1014.21,0.0,36.24,0.0,30.08,70.14,3.88,43.75,1.33,Humid/Swing,Completed,1
796,Karachi (National Stadium),2019-11-17,ODI,monsoon,31.12,68.0,1005.45,3.31,29.8,0.87,15.42,35.47,64.65,1001.43,2.77,7.29,0.0,37.61,59.7,3.63,39.4,1.51,Humid/Swing,Completed,1
797,Bridgetown (Kensington Oval),2023-11-16,Test,monsoon,24.61,84.87,1015.34,13.02,65.87,3.43,12.35,26.84,84.23,1012.01,12.29,95.75,0.0,30.08,72.26,11.58,70.37,14.4,Humid/Swing,Completed,1
798,Chennai (Chepauk),2022-07-12,T20,monsoon,30.46,76.98,1014.76,5.29,22.45,0.0,14.53,30.75,75.27,1012.51,3.45,40.67,0.0,35.58,67.06,0.0,39.33,1.36,Humid/Swing,Completed,1
799,The Oval (London),2019-01-28,T20,winter,2.09,73.22,1007.66,28.04,70.62,7.88,11.93,5.75,82.95,1010.69,30.27,62.15,0.3,7.67,68.41,4.33,59.64,28.0,Humid/Swing,Rain Interrupted,0
800,Cape Town (Newlands),2022-08-14,Test,winter,11.01,64.26,1012.15,11.8,61.91,8.4,12.53,14.64,48.71,1010.82,14.28,56.05,0.52,17.36,50.39,11.48,58.94,12.85,Flat/Batting,Rain Interrupted,0
801,Mumbai (Wankhede),2016-08-07,T20,monsoon,28.7,82.47,1020.26,11.66,59.5,2.12,12.9,32.65,73.42,1019.69,8.68,58.82,10.88,35.23,73.11,27.88,58.74,12.19,Humid/Swing,Rain Interrupted,0
802,Bridgetown (Kensington Oval),2023-10-06,ODI,monsoon,22.65,84.37,1017.71,8.83,61.57,5.58,11.76,28.59,84.22,1015.6,11.71,85.73,0.0,28.73,74.35,31.73,68.58,12.71,Humid/Swing,Abandoned,0
803,Mumbai (Wankhede),2016-06-01,Test,summer,34.11,78.27,1019.32,20.58,62.62,29.06,9.37,38.63,77.53,1018.93,14.25,61.88,0.0,39.38,74.01,4.07,57.68,19.67,Humid/Swing,Rain Interrupted,0
804,Delhi (Feroz Shah Kotla),2023-09-24,T20,monsoon,31.38,46.54,1017.71,3.11,33.57,2.29,16.17,33.61,39.78,1017.03,1.42,27.27,0.0,37.23,40.33,0.0,45.33,3.6,Flat/Batting,Completed,1
805,Lords (London),2019-01-23,ODI,winter,2.98,73.98,1024.53,3.78,62.84,17.96,11.76,5.77,64.05,1025.15,9.5,39.22,1.41,8.35,68.72,38.33,71.97,4.88,Humid/Swing,Abandoned,0
806,Karachi (National Stadium),2015-05-13,T20,summer,31.7,66.96,1012.66,10.2,41.14,0.0,15.05,33.39,63.87,1017.64,12.93,80.04,0.0,37.23,61.58,0.0,41.78,7.66,Humid/Swing,Completed,1
807,Kolkata (Eden Gardens),2022-08-13,ODI,monsoon,27.1,68.3,1008.61,17.08,62.16,0.41,14.87,28.7,62.38,1011.92,16.4,91.31,0.0,32.76,63.45,29.2,71.14,14.96,Humid/Swing,Rain Interrupted,0
808,Lords (London),2019-03-04,ODI,monsoon,15.83,75.8,1023.25,14.71,35.97,0.0,15.36,17.18,75.47,1022.94,6.16,28.03,0.0,20.42,70.44,0.0,35.3,13.54,Humid/Swing,Completed,1
809,Chennai (Chepauk),2021-06-08,Test,summer,33.61,76.34,1005.57,10.17,26.04,0.0,14.78,36.2,70.7,1007.9,13.56,13.57,0.0,39.94,66.35,0.1,37.96,12.84,Humid/Swing,Completed,1
810,SCG (Sydney),2019-02-12,ODI,summer,23.32,65.06,1007.65,10.07,38.07,0.0,15.33,26.24,55.73,1004.69,9.41,30.0,0.0,28.42,55.99,0.0,43.92,9.1,Humid/Swing,Completed,1
811,Lords (London),2022-04-14,ODI,summer,21.92,77.69,1013.26,12.7,36.05,0.0,14.58,23.76,65.9,1016.92,10.46,38.81,0.0,27.51,68.51,4.46,38.82,13.92,Humid/Swing,Completed,1
812,Delhi (Feroz Shah Kotla),2016-04-09,Test,summer,32.33,44.88,1015.82,3.8,33.61,11.71,14.38,34.8,53.1,1008.32,1.71,44.88,0.0,36.8,40.72,14.99,47.18,3.27,Wet/Green,Rain Interrupted,0
813,Cape Town (Newlands),2017-02-01,ODI,summer,27.92,59.26,1015.78,1.54,33.82,13.65,12.26,30.37,49.27,1014.01,2.95,63.67,0.0,32.99,49.39,4.16,46.31,2.41,Wet/Green,Delayed Start,1
814,SCG (Sydney),2019-05-05,T20,monsoon,13.87,66.52,1011.0,22.67,39.17,0.0,15.1,15.41,54.86,1014.19,15.11,54.62,0.0,19.45,56.81,5.68,40.93,20.55,Humid/Swing,Completed,1
815,Chennai (Chepauk),2017-12-08,ODI,winter,20.04,70.98,1005.97,12.42,69.36,0.0,15.5,23.29,77.33,1003.15,7.41,70.15,0.0,25.45,65.79,14.32,53.33,11.02,Humid/Swing,Rain Interrupted,0
816,Cape Town (Newlands),2020-01-02,Test,summer,27.59,61.55,1012.5,10.96,42.07,0.0,15.9,29.59,51.29,1014.14,10.14,62.57,0.0,32.92,51.19,5.54,38.74,11.42,Flat/Batting,Completed,1
817,Karachi (National Stadium),2018-03-15,T20,monsoon,30.38,69.09,1017.15,97.06,34.22,0.0,15.32,30.78,63.4,1019.67,99.92,52.13,0.0,35.4,60.05,17.77,35.8,97.37,Humid/Swing,Completed,1
818,MCG (Melbourne),2017-03-30,Test,monsoon,17.67,58.98,1003.63,15.98,37.68,0.0,15.68,19.52,49.31,1001.45,10.82,59.04,0.0,22.64,50.36,0.0,42.8,15.52,Flat/Batting,Completed,1
819,Kolkata (Eden Gardens),2024-07-25,Test,monsoon,27.2,74.34,1005.43,7.27,41.24,10.79,11.72,29.19,66.65,1003.32,0.84,62.11,2.49,32.64,64.74,31.85,56.77,3.49,Humid/Swing,Rain Interrupted,0
820,MCG (Melbourne),2016-12-08,T20,summer,23.8,59.09,1014.74,1.29,42.36,14.27,13.75,25.79,47.73,1014.52,0.46,22.29,0.0,29.01,50.62,0.0,41.53,1.38,Wet/Green,Delayed Start,1
821,MCG (Melbourne),2015-12-26,T20,summer,26.71,56.4,1002.51,3.31,40.01,0.0,17.11,29.36,49.94,1007.67,7.38,4.06,0.0,32.02,50.0,2.34,34.09,4.24,Flat/Batting,Completed,1
822,Lords (London),2022-06-28,ODI,summer,20.37,77.94,1019.89,30.05,47.65,0.0,14.62,22.29,73.16,1012.11,27.09,36.34,0.0,25.88,67.94,5.39,40.64,29.58,Humid/Swing,Completed,1
823,Cape Town (Newlands),2015-09-23,T20,monsoon,18.19,60.47,1021.66,10.45,29.64,7.22,13.19,17.82,49.68,1017.33,7.35,23.1,0.0,22.79,51.41,16.72,39.42,8.85,Flat/Batting,Rain Interrupted,0
824,SCG (Sydney),2018-04-04,ODI,monsoon,16.3,67.14,1018.45,50.77,26.55,9.1,11.68,19.44,71.87,1012.39,51.39,54.73,0.0,22.17,57.01,0.0,38.04,50.6,Humid/Swing,Completed,1
825,Kolkata (Eden Gardens),2022-12-25,T20,winter,14.92,72.17,991.84,14.75,37.27,0.0,14.19,15.6,69.2,990.51,12.66,56.29,0.0,20.4,65.93,4.33,43.27,15.55,Humid/Swing,Completed,1
826,Cape Town (Newlands),2022-02-25,Test,summer,21.92,59.78,1014.73,3.71,49.75,0.0,16.43,25.17,55.95,1013.69,9.24,56.15,0.0,27.81,51.22,5.07,35.56,3.37,Flat/Batting,Completed,1
827,Lords (London),2020-09-14,Test,monsoon,7.85,76.79,1001.8,1.29,28.62,0.0,14.47,9.45,73.75,995.34,0.0,39.92,0.0,13.39,68.13,10.05,37.58,0.74,Humid/Swing,Completed,1
828,Chennai (Chepauk),2017-04-03,Test,summer,30.97,72.5,1015.89,4.43,33.8,2.11,14.44,35.28,71.57,1013.86,3.71,63.56,4.94,37.07,69.55,9.79,41.72,6.22,Humid/Swing,Completed,1
829,Delhi (Feroz Shah Kotla),2023-11-12,ODI,monsoon,27.96,48.76,1014.41,19.52,50.3,6.74,14.56,29.0,49.24,1013.92,19.53,48.82,0.0,31.79,42.79,1.93,35.47,18.93,Flat/Batting,Completed,1
830,Mumbai (Wankhede),2019-01-18,T20,winter,20.41,79.06,1013.68,21.03,24.56,0.0,13.46,23.18,78.04,1017.87,22.4,37.79,0.0,25.39,69.74,0.69,38.19,21.08,Humid/Swing,Completed,1
831,Karachi (National Stadium),2019-02-20,ODI,winter,15.74,67.45,1035.58,3.01,30.7,1.29,14.17,19.52,55.94,1038.65,2.43,39.21,0.0,21.17,59.37,11.33,38.5,2.87,Humid/Swing,Completed,1
832,SCG (Sydney),2016-06-15,T20,winter,13.47,63.4,1005.75,16.64,45.94,9.26,13.09,16.53,52.86,1003.93,12.83,66.99,0.0,18.0,56.06,16.5,66.85,14.32,Flat/Batting,Rain Interrupted,0
833,Chennai (Chepauk),2015-09-27,ODI,monsoon,23.29,76.35,1012.75,43.65,38.32,0.0,14.6,23.43,68.63,1011.38,47.05,32.01,0.0,28.2,65.35,0.0,32.71,43.39,Humid/Swing,Completed,1
834,The Oval (London),2023-01-15,T20,winter,5.81,80.19,1014.98,6.39,73.04,1.11,13.8,9.73,65.35,1013.87,11.04,23.38,0.0,11.05,67.41,27.69,56.19,7.41,Humid/Swing,Rain Interrupted,0
835,MCG (Melbourne),2020-11-23,ODI,monsoon,16.96,61.06,1012.86,18.55,34.58,0.0,16.5,20.32,53.73,1011.97,22.61,39.33,0.0,21.82,51.72,24.37,43.63,20.35,Flat/Batting,Rain Interrupted,0
836,The Oval (London),2024-03-26,T20,monsoon,10.34,77.31,1002.5,0.93,57.45,0.0,14.51,15.01,74.03,1003.92,3.55,84.31,0.0,16.03,70.67,8.46,54.49,3.34,Humid/Swing,Completed,1
837,Chennai (Chepauk),2016-05-28,ODI,summer,34.41,72.4,1009.49,8.56,23.54,1.54,14.48,36.86,71.24,1015.32,13.08,71.77,0.0,39.53,67.3,0.0,46.05,7.06,Humid/Swing,Completed,1
838,Bridgetown (Kensington Oval),2015-10-31,ODI,monsoon,26.65,84.92,1027.51,5.65,55.18,3.65,11.93,29.41,67.43,1027.27,3.06,29.06,0.0,31.54,75.07,7.34,61.0,3.46,Humid/Swing,Completed,1
839,MCG (Melbourne),2022-08-17,T20,winter,9.32,59.47,1010.42,3.79,59.77,13.94,13.42,10.2,53.88,1012.61,0.51,71.8,14.09,13.98,52.64,29.56,68.71,3.4,Flat/Batting,Rain Interrupted,0
840,Lords (London),2016-06-09,T20,summer,19.88,78.62,1004.36,11.2,27.92,0.0,14.3,23.82,68.13,1011.61,14.77,61.33,0.0,25.9,67.6,0.0,48.33,12.89,Humid/Swing,Completed,1
841,Bridgetown (Kensington Oval),2021-08-04,Test,monsoon,24.76,84.08,1023.51,17.97,54.44,0.55,13.35,27.66,80.42,1025.24,14.72,50.43,0.0,31.16,73.45,42.27,59.48,16.57,Humid/Swing,Rain Interrupted,0
842,Kolkata (Eden Gardens),2019-11-08,T20,monsoon,24.6,74.88,998.75,0.79,30.76,2.9,14.36,28.14,62.93,993.17,0.79,9.52,0.0,30.33,64.01,2.22,42.18,1.43,Humid/Swing,Completed,1
843,Mumbai (Wankhede),2024-04-28,Test,summer,26.03,77.18,1004.9,17.61,48.34,0.0,14.29,28.94,73.25,1008.31,24.73,22.79,0.0,30.76,71.7,0.0,30.85,19.48,Humid/Swing,Completed,1
844,SCG (Sydney),2016-09-18,ODI,monsoon,15.82,64.48,1001.62,3.14,37.24,5.5,13.52,18.26,61.87,1004.23,2.99,15.98,0.0,21.19,54.23,0.0,39.97,2.53,Flat/Batting,Completed,1
845,Kolkata (Eden Gardens),2016-10-25,ODI,monsoon,31.09,71.24,1013.5,1.53,34.4,0.47,14.85,34.37,70.85,1019.2,0.0,58.47,4.59,34.98,65.39,4.59,48.55,1.21,Humid/Swing,Completed,1
846,Cape Town (Newlands),2017-07-12,ODI,winter,13.98,62.44,1006.6,16.39,43.42,21.01,10.19,15.25,52.02,1012.0,11.56,41.25,0.0,18.81,52.18,9.05,52.93,15.96,Wet/Green,Rain Interrupted,0
847,SCG (Sydney),2018-03-09,Test,monsoon,12.64,63.94,1015.18,14.64,43.49,12.81,13.08,17.93,56.19,1012.54,17.71,31.38,0.0,18.37,57.29,11.33,36.78,15.85,Flat/Batting,Rain Interrupted,0
848,Bengaluru (Chinnaswamy),2017-03-15,T20,monsoon,19.16,66.59,1005.81,3.04,41.62,0.0,15.58,22.7,56.09,1008.86,7.42,52.37,0.0,25.18,55.94,0.0,38.56,4.58,Humid/Swing,Completed,1
849,SCG (Sydney),2018-01-29,Test,summer,25.55,63.2,1023.33,15.61,37.83,0.0,16.13,31.52,64.3,1023.65,15.9,17.35,0.0,30.98,56.0,6.12,35.1,14.74,Flat/Batting,Completed,1
850,Bridgetown (Kensington Oval),2018-05-25,T20,summer,24.41,82.44,997.8,3.29,49.14,3.53,12.77,27.91,84.77,998.9,4.35,12.92,0.0,30.43,73.03,0.0,42.02,2.91,Humid/Swing,Completed,1
851,SCG (Sydney),2016-01-18,T20,summer,21.44,61.22,1020.86,19.1,38.39,0.0,15.82,23.78,56.76,1023.8,19.37,42.56,0.0,26.53,55.32,0.0,41.48,18.93,Flat/Batting,Completed,1
852,Bridgetown (Kensington Oval),2016-11-21,T20,monsoon,21.35,82.73,997.01,1.32,58.5,1.5,13.07,26.13,73.45,994.63,6.91,59.35,0.0,27.17,75.63,8.12,69.11,3.47,Humid/Swing,Completed,1
853,Karachi (National Stadium),2016-09-23,Test,monsoon,32.1,70.79,1023.69,3.32,41.42,0.0,13.67,33.75,68.74,1027.1,8.63,41.45,0.0,36.69,62.44,36.29,36.26,4.93,Humid/Swing,Rain Interrupted,0
854,Bridgetown (Kensington Oval),2022-01-01,T20,winter,23.82,82.04,1020.85,12.04,48.33,16.67,11.24,24.73,77.8,1026.07,11.07,38.28,0.0,29.05,72.14,7.77,45.44,11.76,Wet/Green,Rain Interrupted,0
855,Karachi (National Stadium),2018-10-14,T20,monsoon,32.94,71.32,1010.68,21.21,38.39,0.17,14.44,34.59,69.31,1009.14,19.49,38.23,0.0,38.02,59.39,0.0,44.2,19.63,Humid/Swing,Completed,1
856,Mumbai (Wankhede),2024-04-03,Test,summer,31.3,80.98,1015.97,16.06,47.18,3.01,12.81,33.49,73.59,1015.72,15.3,22.9,0.0,36.22,70.16,4.06,41.73,13.2,Humid/Swing,Completed,1
857,Chennai (Chepauk),2015-07-06,T20,monsoon,26.82,75.3,1017.51,4.0,44.01,12.11,11.53,30.14,65.02,1017.87,0.24,66.28,0.0,32.48,64.38,0.0,46.76,1.75,Wet/Green,Rain Interrupted,0
858,Karachi (National Stadium),2017-12-20,T20,winter,17.77,70.73,1008.04,11.53,40.62,16.75,10.67,21.33,62.91,1009.5,10.67,14.69,0.0,22.82,62.16,7.41,44.83,10.72,Humid/Swing,Rain Interrupted,0
859,Delhi (Feroz Shah Kotla),2023-08-08,T20,monsoon,29.7,53.88,1025.88,6.56,69.45,22.41,13.51,32.33,38.62,1028.77,4.2,93.13,0.0,36.31,42.29,12.77,68.23,4.15,Wet/Green,Rain Interrupted,0
860,The Oval (London),2021-12-06,T20,winter,0.41,76.11,1011.88,6.63,61.33,8.29,12.22,3.57,74.64,1014.81,0.0,62.87,0.42,5.85,68.4,2.88,58.04,6.42,Humid/Swing,Abandoned,0
861,Mumbai (Wankhede),2020-08-01,T20,monsoon,22.93,79.77,1006.95,15.69,66.88,12.69,10.7,25.87,73.17,1005.03,14.31,43.69,0.0,28.97,70.28,8.42,53.91,15.37,Humid/Swing,Rain Interrupted,0
862,SCG (Sydney),2018-04-01,T20,monsoon,15.84,66.47,1020.18,8.62,37.88,7.77,13.22,19.03,59.17,1026.26,10.47,34.57,0.0,22.25,59.03,0.0,46.45,7.79,Humid/Swing,Delayed Start,1
863,Bengaluru (Chinnaswamy),2020-06-01,Test,summer,27.45,64.09,1027.93,5.7,58.73,19.65,10.86,29.67,60.5,1018.18,10.9,68.18,0.0,33.01,58.3,31.66,63.25,6.91,Wet/Green,Abandoned,0
864,Bridgetown (Kensington Oval),2019-07-22,ODI,monsoon,25.53,78.51,1023.26,33.25,53.08,9.94,10.84,29.02,75.26,1022.78,31.29,89.08,0.25,32.02,74.22,18.86,56.56,33.59,Humid/Swing,Rain Interrupted,0
865,MCG (Melbourne),2015-10-26,T20,monsoon,17.63,59.91,1030.25,12.39,42.06,2.19,15.74,19.17,54.98,1029.42,13.34,35.3,0.49,22.38,50.79,1.75,44.85,11.34,Flat/Batting,Completed,1
866,Mumbai (Wankhede),2016-10-09,ODI,monsoon,30.43,79.36,1019.92,0.87,37.57,1.53,12.82,34.29,71.46,1023.41,8.8,29.56,8.43,35.53,70.65,10.67,35.98,3.38,Humid/Swing,Completed,1
867,The Oval (London),2020-06-06,ODI,summer,19.17,78.06,1023.28,26.34,42.12,0.0,14.5,21.14,62.71,1026.17,24.94,35.11,0.0,24.63,70.93,0.0,30.59,25.13,Humid/Swing,Rain Interrupted,0
868,Delhi (Feroz Shah Kotla),2018-10-25,T20,monsoon,28.7,47.66,995.99,6.75,31.05,0.0,17.12,32.33,41.55,1000.86,4.6,21.34,0.0,34.6,40.87,3.85,38.07,9.17,Flat/Batting,Completed,1
869,Kolkata (Eden Gardens),2018-07-04,T20,monsoon,30.91,70.51,1013.52,9.54,56.9,3.06,13.98,34.2,73.24,1014.51,7.25,60.7,0.0,35.98,66.15,9.46,58.8,8.93,Humid/Swing,Completed,1
870,Lords (London),2023-03-27,ODI,monsoon,8.7,76.44,1013.91,14.48,42.53,0.16,14.64,15.05,74.77,1009.27,13.58,41.94,2.67,15.32,68.92,27.47,45.6,16.24,Humid/Swing,Rain Interrupted,0
871,The Oval (London),2016-06-19,ODI,summer,19.98,75.8,1014.17,6.29,34.38,0.0,13.42,24.58,62.67,1014.37,2.64,46.48,0.0,27.08,67.59,0.0,28.31,3.5,Humid/Swing,Completed,1
872,SCG (Sydney),2021-04-19,Test,monsoon,17.92,67.49,1012.67,5.49,38.8,7.12,12.55,19.29,52.62,1010.21,2.02,29.67,0.0,22.89,53.99,0.0,47.07,3.91,Humid/Swing,Delayed Start,1
873,Lords (London),2017-09-17,ODI,monsoon,11.76,76.14,1018.09,8.49,46.1,0.0,14.57,13.09,79.23,1017.61,10.48,22.61,0.0,17.17,65.43,10.94,43.96,8.1,Humid/Swing,Completed,1
874,Chennai (Chepauk),2017-12-31,ODI,winter,22.39,73.39,1007.33,2.41,55.85,5.16,12.57,22.09,74.62,1012.41,0.0,61.95,0.0,28.23,67.5,5.18,63.88,1.18,Humid/Swing,Completed,1
875,Delhi (Feroz Shah Kotla),2016-07-31,Test,monsoon,29.73,51.06,1000.05,2.5,64.26,1.94,15.81,31.41,45.18,997.05,4.96,21.89,0.0,35.06,41.62,7.13,55.0,3.59,Flat/Batting,Completed,1
876,Mumbai (Wankhede),2018-04-03,ODI,summer,27.03,77.9,1020.12,3.79,58.1,0.41,13.55,32.56,74.2,1018.09,3.92,63.02,0.0,33.36,68.53,0.0,24.14,2.62,Humid/Swing,Completed,1
877,Karachi (National Stadium),2019-09-09,Test,monsoon,31.94,69.16,1014.7,20.76,31.01,0.0,14.48,37.61,70.15,1010.83,20.11,19.74,0.0,37.35,60.21,0.0,41.31,19.96,Humid/Swing,Completed,1
878,Kolkata (Eden Gardens),2024-02-15,ODI,winter,13.45,76.08,1005.81,0.76,47.78,0.0,14.44,17.22,69.65,1001.33,0.0,31.99,0.0,19.1,62.03,3.17,40.86,0.91,Humid/Swing,Completed,1
879,Karachi (National Stadium),2023-02-01,ODI,winter,12.03,66.91,1015.34,5.54,38.1,0.0,15.64,15.07,57.99,1011.16,5.58,38.02,0.0,17.58,59.35,0.0,46.15,4.62,Humid/Swing,Completed,1
880,Delhi (Feroz Shah Kotla),2023-07-23,Test,monsoon,29.31,52.23,1013.12,9.91,55.36,16.71,13.62,29.01,57.99,1011.35,7.68,55.98,0.0,33.93,40.57,0.06,58.91,8.53,Wet/Green,Rain Interrupted,0
881,MCG (Melbourne),2020-10-09,ODI,monsoon,14.25,58.78,997.17,6.38,40.46,0.0,15.9,18.55,53.97,999.07,9.61,35.78,0.0,19.19,50.25,0.0,44.26,7.97,Flat/Batting,Completed,1
882,MCG (Melbourne),2024-11-09,ODI,monsoon,16.76,61.14,1003.62,25.34,28.36,0.0,15.79,20.41,56.88,1002.25,23.77,27.32,0.0,22.4,52.13,0.0,42.75,27.71,Flat/Batting,Completed,1
883,MCG (Melbourne),2015-04-05,Test,monsoon,13.81,59.76,1019.46,15.61,45.9,0.0,15.77,15.73,58.59,1017.54,9.71,64.51,0.0,19.18,51.06,2.65,41.95,13.49,Flat/Batting,Completed,1
884,The Oval (London),2020-09-01,ODI,monsoon,11.64,78.02,1031.59,24.64,29.73,6.96,11.6,14.92,73.72,1030.58,25.26,63.72,0.0,16.83,68.18,0.0,33.41,23.73,Humid/Swing,Completed,1
885,Delhi (Feroz Shah Kotla),2017-05-31,T20,summer,41.59,50.45,1005.9,8.32,36.73,0.0,17.23,45.1,52.77,1011.0,9.97,50.24,0.0,46.23,40.55,0.0,45.68,7.8,Flat/Batting,Completed,1
886,Lords (London),2015-07-19,Test,monsoon,11.86,74.18,997.63,3.31,30.59,25.99,12.11,17.53,59.67,1005.95,5.57,31.39,0.0,18.0,68.9,16.97,41.93,2.38,Wet/Green,Rain Interrupted,0
887,Bengaluru (Chinnaswamy),2020-07-20,T20,monsoon,21.73,65.61,1020.94,39.6,37.45,0.0,15.75,26.42,58.04,1019.38,38.26,58.83,0.0,26.86,55.84,1.89,32.96,37.68,Humid/Swing,Completed,1
888,Bridgetown (Kensington Oval),2022-07-17,ODI,monsoon,22.76,82.86,1012.34,45.55,70.79,22.33,9.24,24.57,83.36,1010.33,48.4,46.69,0.63,27.37,75.16,7.45,51.05,45.9,Humid/Swing,Rain Interrupted,0
889,Bengaluru (Chinnaswamy),2021-01-07,Test,winter,13.41,63.55,1014.51,0.65,55.2,5.21,13.64,15.59,68.51,1015.38,1.79,51.68,0.0,19.44,55.3,0.0,41.56,2.14,Flat/Batting,Completed,1
890,Chennai (Chepauk),2019-11-01,Test,monsoon,28.31,77.04,1018.84,6.21,54.34,27.09,12.0,30.08,74.32,1017.94,2.45,76.92,0.0,33.49,66.96,6.04,52.05,6.85,Humid/Swing,Rain Interrupted,0
891,Bengaluru (Chinnaswamy),2023-02-27,ODI,winter,20.71,64.89,1024.7,2.09,30.92,6.47,13.7,25.09,66.73,1028.46,4.4,43.58,0.0,26.28,54.38,0.36,28.04,5.75,Flat/Batting,Completed,1
892,The Oval (London),2019-02-07,Test,winter,0.47,78.09,1016.14,8.03,53.56,13.09,11.47,2.47,72.66,1017.11,5.16,35.33,0.0,5.49,70.71,16.63,63.98,6.69,Wet/Green,Rain Interrupted,0
893,The Oval (London),2015-07-29,T20,monsoon,8.35,77.97,1018.56,9.86,49.08,0.0,14.02,12.7,70.26,1018.46,3.72,1.45,0.0,14.55,69.95,5.12,37.7,9.42,Humid/Swing,Completed,1
894,SCG (Sydney),2017-03-08,ODI,monsoon,20.36,61.55,1018.92,3.67,55.69,0.0,15.04,21.76,60.13,1016.65,0.0,40.32,0.0,25.46,55.48,3.43,45.0,3.22,Flat/Batting,Completed,1
895,SCG (Sydney),2018-03-28,Test,monsoon,16.87,65.2,1013.89,0.89,35.96,0.0,15.73,22.17,60.85,1009.27,2.31,52.96,0.0,22.71,58.88,0.0,35.64,2.77,Humid/Swing,Completed,1
896,The Oval (London),2020-08-27,ODI,monsoon,12.3,76.17,1002.24,12.05,35.86,0.0,14.22,14.81,72.12,999.89,17.69,61.02,0.0,17.71,68.75,0.0,45.63,10.23,Humid/Swing,Completed,1
897,SCG (Sydney),2018-02-19,T20,summer,28.76,65.8,1017.19,0.27,43.76,3.29,14.46,29.11,62.64,1020.46,0.0,46.82,6.63,33.05,56.68,11.04,35.61,0.9,Humid/Swing,Completed,1
898,Bridgetown (Kensington Oval),2021-11-07,Test,monsoon,24.75,78.68,1016.41,3.35,62.24,29.13,9.32,27.71,74.52,1015.97,1.47,91.28,3.0,30.07,74.3,50.06,53.96,3.44,Wet/Green,Abandoned,0
899,Kolkata (Eden Gardens),2016-02-01,ODI,winter,15.21,71.65,1010.2,2.89,37.48,14.9,12.36,18.82,64.95,1001.44,4.28,77.93,0.0,20.59,62.7,1.4,35.74,4.51,Humid/Swing,Completed,1
900,Lords (London),2023-11-30,ODI,monsoon,8.5,76.82,1005.02,6.3,46.74,4.88,12.56,12.36,75.11,1004.81,3.57,85.28,3.11,13.48,66.94,20.19,58.9,8.91,Humid/Swing,Rain Interrupted,0
901,SCG (Sydney),2019-02-06,Test,summer,24.15,65.75,1011.04,14.94,40.5,0.0,15.23,29.11,64.62,1007.37,10.18,23.2,0.0,29.5,56.89,0.0,31.84,12.99,Humid/Swing,Completed,1
902,Delhi (Feroz Shah Kotla),2021-10-03,T20,monsoon,32.12,50.0,998.03,10.12,35.86,0.0,17.25,34.24,44.68,993.85,12.42,83.14,0.0,37.27,43.39,0.0,36.98,10.58,Flat/Batting,Completed,1
903,The Oval (London),2020-08-10,Test,monsoon,11.16,77.19,995.52,0.44,40.79,0.0,14.79,14.99,76.25,993.8,0.99,66.14,0.0,16.86,69.95,24.78,50.36,0.87,Humid/Swing,Rain Interrupted,0
904,Mumbai (Wankhede),2015-06-09,Test,summer,29.81,84.63,1026.52,0.06,59.34,18.06,7.52,33.02,79.02,1029.11,5.25,91.41,0.0,35.94,71.5,35.8,66.6,2.05,Wet/Green,Abandoned,0
905,Cape Town (Newlands),2018-09-26,ODI,monsoon,19.58,60.51,994.85,14.53,34.09,4.33,14.37,23.37,54.42,994.6,17.18,76.84,0.0,25.64,51.7,12.77,44.08,16.95,Flat/Batting,Rain Interrupted,0
906,SCG (Sydney),2020-02-15,Test,summer,18.8,64.78,1012.65,6.34,28.17,0.0,15.51,22.77,56.52,1015.04,5.95,39.75,0.0,25.04,55.19,1.88,38.9,7.5,Flat/Batting,Completed,1
907,Karachi (National Stadium),2020-10-12,Test,monsoon,28.0,68.3,1011.5,5.42,39.7,0.0,14.87,31.42,64.57,1013.37,6.17,77.53,0.0,34.04,62.48,2.12,41.64,6.57,Humid/Swing,Completed,1
908,Lords (London),2021-11-16,ODI,monsoon,14.88,75.07,1022.19,4.16,58.55,17.04,12.35,17.61,73.67,1015.34,0.0,66.53,0.0,19.45,68.29,28.07,48.36,2.06,Humid/Swing,Abandoned,0
909,Kolkata (Eden Gardens),2019-05-29,T20,summer,34.83,72.04,1003.78,40.93,39.58,0.0,14.64,36.26,67.37,996.19,41.84,60.56,0.0,39.91,63.53,0.0,41.91,40.93,Humid/Swing,Completed,1
910,Cape Town (Newlands),2024-06-13,ODI,winter,8.08,61.62,1018.87,2.11,58.9,0.0,15.88,10.71,46.77,1025.19,4.51,82.19,0.0,12.66,50.66,8.87,50.22,3.59,Flat/Batting,Rain Interrupted,0
911,Karachi (National Stadium),2018-10-09,T20,monsoon,29.09,73.27,1019.04,2.32,46.27,0.0,14.76,33.55,62.54,1021.31,5.21,10.46,0.0,35.24,59.31,0.0,29.39,3.79,Humid/Swing,Completed,1
912,SCG (Sydney),2020-12-20,ODI,summer,23.6,62.66,1019.55,13.5,44.62,0.0,15.58,28.23,64.93,1020.32,14.54,55.12,0.0,29.9,56.09,0.0,32.05,15.86,Flat/Batting,Completed,1
913,Cape Town (Newlands),2021-04-24,ODI,monsoon,17.76,56.12,1018.17,0.98,34.24,0.0,16.58,18.96,56.91,1015.46,2.55,11.79,0.0,22.73,53.71,4.83,47.04,1.64,Flat/Batting,Completed,1
914,MCG (Melbourne),2024-02-24,Test,summer,20.14,56.24,1013.65,9.98,42.75,0.0,16.96,23.48,58.08,1013.5,12.12,17.84,0.0,25.31,51.36,14.48,35.21,9.8,Flat/Batting,Completed,1
915,Lords (London),2018-09-18,T20,monsoon,11.38,73.38,1014.74,27.89,42.48,0.0,14.1,14.99,69.4,1017.97,27.07,53.65,0.0,16.0,67.6,0.0,41.73,29.15,Humid/Swing,Completed,1
916,Chennai (Chepauk),2019-09-03,T20,monsoon,24.82,76.58,1021.49,4.74,32.33,0.0,14.35,26.57,62.05,1023.15,8.12,54.72,0.0,29.88,66.14,0.0,50.7,5.0,Humid/Swing,Completed,1
917,Bengaluru (Chinnaswamy),2023-12-08,T20,winter,20.19,63.96,1010.19,0.74,33.84,0.0,15.5,22.83,55.91,1009.18,0.0,22.62,0.0,25.12,54.61,2.39,39.82,1.25,Flat/Batting,Completed,1
918,Cape Town (Newlands),2022-01-21,Test,summer,27.86,57.62,1015.25,12.71,35.06,1.0,16.12,29.84,45.27,1019.89,10.56,67.46,0.0,33.6,49.63,10.76,41.66,11.16,Flat/Batting,Completed,1
919,Karachi (National Stadium),2020-04-27,ODI,summer,37.51,67.85,1005.98,10.8,23.68,4.59,13.37,37.37,67.07,1008.19,8.59,24.25,0.0,42.92,61.18,8.28,36.64,11.44,Humid/Swing,Rain Interrupted,0
920,Bridgetown (Kensington Oval),2023-10-12,T20,monsoon,24.64,83.27,1017.34,1.41,51.24,22.45,8.14,26.4,75.41,1014.78,1.48,55.65,0.0,29.97,72.62,17.26,60.12,1.28,Humid/Swing,Rain Interrupted,0
921,Karachi (National Stadium),2017-07-21,T20,monsoon,26.37,68.09,1007.34,3.12,56.2,53.96,6.97,28.07,59.53,1002.62,0.71,43.54,0.55,32.17,61.03,23.29,51.09,2.62,Wet/Green,Abandoned,0
922,Mumbai (Wankhede),2021-07-18,ODI,monsoon,27.68,83.72,1016.29,35.34,66.18,7.94,10.74,30.71,72.3,1015.37,31.73,82.96,2.64,33.67,70.15,4.46,63.04,34.58,Humid/Swing,Rain Interrupted,0
923,Kolkata (Eden Gardens),2020-11-17,T20,monsoon,24.64,73.44,1015.1,14.34,33.57,0.0,14.16,27.41,65.16,1016.54,14.32,41.45,0.0,29.32,63.11,5.16,39.27,14.64,Humid/Swing,Completed,1
924,Cape Town (Newlands),2021-12-13,ODI,summer,23.28,58.25,1032.9,2.59,43.81,8.18,14.12,26.88,50.62,1034.13,4.09,57.66,7.1,30.12,49.95,10.74,34.73,3.3,Flat/Batting,Completed,1
925,Kolkata (Eden Gardens),2024-03-19,T20,monsoon,27.06,70.07,1001.68,5.46,31.56,0.0,14.64,29.05,71.17,1001.14,7.16,7.96,0.0,32.53,66.27,0.0,34.2,5.91,Humid/Swing,Completed,1
926,Delhi (Feroz Shah Kotla),2015-05-10,T20,summer,32.93,50.94,1007.22,9.62,31.55,0.0,16.44,34.09,47.11,1007.17,8.99,11.25,0.0,37.46,39.31,11.27,30.54,11.9,Flat/Batting,Completed,1
927,Cape Town (Newlands),2016-03-26,Test,monsoon,16.97,59.78,1020.91,14.88,43.0,0.0,15.56,19.32,55.74,1024.95,17.52,44.21,0.0,21.66,49.6,5.85,52.3,15.02,Flat/Batting,Completed,1
928,Mumbai (Wankhede),2019-12-12,ODI,winter,20.62,79.06,1018.01,1.7,51.11,0.0,13.9,22.29,71.24,1015.04,3.1,61.49,0.0,25.73,71.48,0.0,43.27,4.58,Humid/Swing,Completed,1
929,The Oval (London),2016-09-12,ODI,monsoon,13.21,78.97,1016.09,1.05,52.59,2.12,14.19,17.99,78.04,1016.37,0.0,5.44,0.0,18.85,68.66,0.0,38.63,1.0,Humid/Swing,Completed,1
930,Cape Town (Newlands),2017-04-15,ODI,monsoon,18.6,57.26,1011.49,2.27,37.59,2.88,15.78,21.47,53.75,1011.48,1.52,3.99,0.0,23.65,52.01,0.1,36.66,1.14,Flat/Batting,Completed,1
931,SCG (Sydney),2023-09-10,T20,monsoon,17.25,63.75,997.34,1.03,44.3,1.29,14.3,21.7,65.25,995.03,0.95,37.91,0.0,22.35,58.72,0.1,34.98,1.47,Flat/Batting,Completed,1
932,MCG (Melbourne),2024-10-15,T20,monsoon,15.82,59.3,1013.79,19.29,34.57,0.0,16.24,17.86,55.86,1013.76,18.25,43.74,0.0,20.74,53.44,0.44,40.31,18.84,Flat/Batting,Completed,1
933,Cape Town (Newlands),2015-09-13,T20,monsoon,18.02,63.82,1001.82,21.6,31.62,10.27,14.02,22.12,53.61,999.43,24.06,14.51,0.0,23.77,51.15,0.0,42.85,23.8,Wet/Green,Completed,1
934,Kolkata (Eden Gardens),2020-10-25,Test,monsoon,24.22,74.44,1007.33,24.41,34.71,3.69,13.08,29.34,76.86,1000.62,25.67,57.76,0.0,30.92,65.37,11.67,39.36,24.91,Humid/Swing,Rain Interrupted,0
935,SCG (Sydney),2018-08-24,T20,winter,8.06,61.94,1016.44,1.29,54.26,10.57,13.0,11.56,58.31,1016.74,4.88,67.26,0.0,13.6,55.33,19.67,55.62,1.97,Flat/Batting,Rain Interrupted,0
936,MCG (Melbourne),2020-11-22,ODI,monsoon,10.8,62.59,999.85,2.85,34.86,1.03,15.21,14.1,64.25,1001.9,3.03,62.22,0.0,16.22,51.77,1.17,43.06,3.12,Flat/Batting,Completed,1
937,Lords (London),2016-12-10,ODI,winter,3.67,78.09,1027.06,3.94,39.45,7.26,11.34,6.95,69.0,1026.91,7.89,83.56,0.0,8.4,66.0,9.15,65.57,3.83,Humid/Swing,Completed,1
938,SCG (Sydney),2018-11-03,T20,monsoon,13.46,65.53,1008.4,6.03,24.11,0.0,15.11,15.56,68.2,1006.75,8.14,80.57,16.98,17.59,57.0,17.71,41.32,3.91,Humid/Swing,Completed,1
939,Lords (London),2022-07-31,T20,monsoon,13.48,77.76,1010.22,11.05,34.36,0.0,14.12,16.01,66.8,1013.2,8.54,49.36,2.94,18.88,67.81,2.94,42.3,12.41,Humid/Swing,Completed,1
940,Bridgetown (Kensington Oval),2022-03-19,T20,monsoon,23.94,83.36,1011.56,6.04,34.43,0.0,13.58,26.43,79.33,1013.02,7.51,59.16,0.0,29.08,75.53,8.3,37.42,6.98,Humid/Swing,Completed,1
941,Bengaluru (Chinnaswamy),2021-11-03,ODI,monsoon,15.36,62.53,1020.35,16.09,41.36,0.0,15.95,18.8,58.9,1019.41,14.64,23.02,0.0,22.87,54.85,0.78,36.26,13.24,Flat/Batting,Completed,1
942,Delhi (Feroz Shah Kotla),2017-10-06,ODI,monsoon,26.83,49.76,1001.02,2.38,49.0,0.0,17.02,29.26,43.97,994.73,4.11,63.49,0.0,32.28,42.51,4.37,46.29,2.63,Flat/Batting,Completed,1
943,SCG (Sydney),2018-05-07,Test,monsoon,20.72,65.83,1021.43,1.49,42.67,10.88,12.43,22.91,70.94,1018.93,2.84,12.65,0.0,25.89,58.36,0.28,23.81,1.51,Humid/Swing,Rain Interrupted,0
944,Bengaluru (Chinnaswamy),2023-08-25,ODI,monsoon,16.53,63.66,1019.56,3.08,47.98,5.33,14.23,20.01,63.43,1017.76,0.0,74.49,0.0,21.69,56.21,0.0,47.39,1.44,Flat/Batting,Completed,1
945,Cape Town (Newlands),2017-04-29,T20,monsoon,13.89,55.9,1016.59,12.01,23.61,0.0,16.55,16.81,60.68,1014.3,10.05,28.12,0.0,19.35,52.69,0.67,37.45,12.01,Flat/Batting,Completed,1
946,Cape Town (Newlands),2020-06-25,ODI,winter,11.97,58.88,1018.53,17.42,63.26,5.03,14.0,15.59,57.57,1012.75,21.29,63.99,0.0,17.54,50.9,9.48,63.54,17.72,Flat/Batting,Completed,1
947,MCG (Melbourne),2018-11-29,T20,monsoon,14.34,59.02,1013.28,19.52,37.82,9.68,13.8,16.36,60.36,1013.3,19.86,30.64,0.0,18.94,52.6,0.0,35.35,19.96,Flat/Batting,Completed,1
948,Cape Town (Newlands),2018-01-25,ODI,summer,23.69,56.81,1003.3,10.22,33.11,0.0,16.86,27.43,59.95,1004.38,9.6,45.36,0.0,28.88,50.49,0.0,37.24,11.08,Flat/Batting,Completed,1
949,Chennai (Chepauk),2021-06-06,T20,summer,27.34,75.28,995.49,3.25,35.06,1.83,13.76,30.92,67.23,994.1,1.25,73.09,0.0,33.05,67.64,0.0,48.32,3.56,Humid/Swing,Completed,1
950,SCG (Sydney),2019-04-05,ODI,monsoon,16.97,64.71,1014.44,3.4,49.64,1.63,14.85,17.43,60.21,1019.84,5.23,37.43,0.0,21.25,56.77,2.43,39.07,1.92,Flat/Batting,Completed,1
951,Lords (London),2023-09-02,Test,monsoon,14.2,78.1,1016.98,3.46,51.89,0.78,14.12,18.31,57.97,1018.5,0.0,56.1,0.0,19.65,64.87,5.83,44.28,1.03,Humid/Swing,Completed,1
952,Bengaluru (Chinnaswamy),2015-06-22,ODI,summer,22.32,64.67,1015.27,14.62,62.79,41.05,8.03,25.3,57.74,1019.32,14.16,49.73,5.54,27.34,56.94,11.94,64.97,12.37,Flat/Batting,Abandoned,0
953,Cape Town (Newlands),2015-11-20,ODI,monsoon,13.54,57.12,1005.56,29.36,40.56,5.17,14.53,15.78,65.18,1012.18,28.71,22.45,0.0,18.9,49.88,0.0,24.76,26.24,Flat/Batting,Completed,1
954,MCG (Melbourne),2022-05-10,ODI,monsoon,16.56,57.42,1002.19,16.38,37.43,0.0,16.82,17.69,60.08,1003.3,10.93,73.04,5.68,21.36,51.04,12.09,51.4,15.43,Flat/Batting,Completed,1
955,Cape Town (Newlands),2020-05-16,Test,monsoon,12.38,59.54,1020.0,1.51,56.84,11.81,13.67,14.11,56.73,1016.28,0.0,35.6,3.89,18.1,51.32,23.4,61.98,0.22,Flat/Batting,Abandoned,0
956,Delhi (Feroz Shah Kotla),2024-04-14,T20,summer,37.35,48.9,1016.33,9.36,31.87,0.0,17.14,39.69,48.59,1014.62,6.39,28.49,7.63,41.89,42.57,7.63,36.64,7.39,Flat/Batting,Completed,1
957,Bengaluru (Chinnaswamy),2021-04-21,T20,summer,28.53,68.81,1009.4,30.18,33.5,6.16,12.47,31.36,58.38,1008.49,26.51,33.53,0.0,33.81,55.3,0.0,43.08,28.33,Humid/Swing,Completed,1
958,Bengaluru (Chinnaswamy),2016-07-16,Test,monsoon,18.16,61.02,1016.16,8.31,55.96,0.0,15.82,19.73,63.67,1014.75,7.11,58.52,0.0,23.91,57.1,6.07,42.47,8.39,Flat/Batting,Completed,1
959,Karachi (National Stadium),2023-04-23,T20,summer,36.55,69.62,1013.23,1.6,30.63,0.0,14.95,40.24,54.56,1011.7,0.0,34.15,0.0,42.48,60.81,0.0,50.44,1.58,Humid/Swing,Completed,1
960,Delhi (Feroz Shah Kotla),2017-09-20,Test,monsoon,25.78,48.01,1010.53,31.21,33.64,3.16,15.91,29.63,47.31,1010.07,33.54,23.71,0.0,31.5,39.59,0.05,32.96,34.02,Flat/Batting,Completed,1
961,Bridgetown (Kensington Oval),2020-12-15,Test,winter,24.55,82.04,1011.72,13.63,31.07,0.0,14.06,28.34,75.68,1010.37,16.03,32.55,0.0,29.98,73.5,0.0,40.45,14.31,Humid/Swing,Completed,1
962,Bridgetown (Kensington Oval),2017-08-11,Test,monsoon,22.03,82.52,1014.33,16.13,72.19,0.18,13.85,23.72,75.73,1015.69,20.27,61.98,0.0,27.04,72.49,22.82,65.3,16.66,Humid/Swing,Rain Interrupted,0
963,Chennai (Chepauk),2019-08-20,ODI,monsoon,28.99,73.61,1026.81,2.94,33.28,14.71,11.66,34.28,74.6,1025.77,0.0,22.9,0.0,34.62,66.31,7.06,34.68,3.04,Humid/Swing,Rain Interrupted,0
964,Cape Town (Newlands),2020-04-18,Test,monsoon,15.36,58.42,1008.38,3.11,29.34,0.0,15.99,19.79,48.91,1011.75,4.83,47.8,0.0,21.69,51.44,12.7,38.3,3.19,Flat/Batting,Rain Interrupted,0
965,Bridgetown (Kensington Oval),2023-08-24,Test,monsoon,20.97,84.09,1023.4,23.82,56.15,14.92,8.7,25.06,72.04,1019.95,28.55,59.21,0.0,26.5,74.95,31.57,60.31,26.0,Humid/Swing,Rain Interrupted,0
966,Mumbai (Wankhede),2021-03-04,Test,monsoon,24.66,79.2,1008.66,16.12,34.94,0.0,13.67,28.38,71.53,1004.78,14.71,55.02,0.0,29.73,69.36,0.0,56.61,15.26,Humid/Swing,Completed,1
967,The Oval (London),2022-04-28,ODI,summer,19.46,79.04,1015.31,2.09,40.94,4.55,12.18,20.43,75.45,1014.93,9.53,15.14,0.0,24.83,71.22,0.0,30.78,2.25,Humid/Swing,Completed,1
968,MCG (Melbourne),2022-04-18,Test,monsoon,17.32,59.11,998.04,11.35,45.39,1.47,15.48,21.8,56.27,996.05,12.73,20.26,0.0,23.0,50.77,0.89,42.08,11.4,Flat/Batting,Completed,1
969,Bengaluru (Chinnaswamy),2018-08-08,ODI,monsoon,17.12,63.54,1013.45,2.82,41.17,0.0,16.0,18.17,61.44,1011.27,0.0,24.72,0.18,22.1,55.22,12.64,44.81,3.44,Flat/Batting,Completed,1
970,Bridgetown (Kensington Oval),2015-08-31,Test,monsoon,23.04,82.52,1020.08,21.32,70.94,25.38,9.11,25.92,78.68,1018.15,18.34,59.77,0.0,27.84,73.98,27.23,69.68,22.69,Wet/Green,Abandoned,0
971,Bridgetown (Kensington Oval),2021-06-09,Test,summer,26.84,83.54,1007.81,15.45,65.73,3.3,12.81,29.43,78.22,1004.08,12.28,32.53,0.0,32.71,75.91,25.43,68.56,15.84,Humid/Swing,Rain Interrupted,0
972,SCG (Sydney),2023-04-14,T20,monsoon,20.52,66.63,1020.98,14.36,30.97,5.22,13.87,23.55,55.48,1023.94,10.48,60.77,0.0,26.32,55.53,8.69,38.68,15.59,Humid/Swing,Delayed Start,1
973,Mumbai (Wankhede),2016-12-18,ODI,winter,22.82,78.93,1018.89,6.48,34.23,8.72,11.29,25.32,77.98,1022.98,5.7,8.03,0.0,29.11,69.54,11.74,28.27,4.77,Humid/Swing,Rain Interrupted,0
974,Kolkata (Eden Gardens),2015-05-29,ODI,summer,29.29,72.29,1015.68,4.06,39.15,0.0,15.02,30.51,67.9,1013.97,0.47,53.98,0.0,35.1,65.89,1.19,38.71,2.82,Humid/Swing,Completed,1
975,MCG (Melbourne),2017-02-02,T20,summer,24.93,58.22,1008.14,13.17,48.55,5.29,15.05,27.51,59.52,1007.14,8.79,3.91,0.0,30.09,51.2,7.97,35.98,13.93,Flat/Batting,Completed,1
976,Bengaluru (Chinnaswamy),2024-10-31,Test,monsoon,21.42,65.08,1024.79,5.86,71.67,3.14,14.34,24.39,54.84,1022.59,2.25,30.42,0.0,27.79,56.41,3.64,51.14,4.12,Humid/Swing,Completed,1
977,Mumbai (Wankhede),2018-05-07,T20,summer,25.4,79.99,1011.01,5.8,18.63,7.3,11.32,29.44,81.85,1009.33,7.14,21.46,0.0,31.69,70.57,2.74,36.63,6.05,Humid/Swing,Completed,1
978,Karachi (National Stadium),2016-03-15,ODI,monsoon,32.1,70.82,1022.47,8.18,39.77,0.0,14.93,35.04,68.41,1024.8,13.53,54.87,0.0,37.89,63.22,0.0,35.85,9.48,Humid/Swing,Completed,1
979,Bengaluru (Chinnaswamy),2020-02-05,T20,winter,20.86,66.45,1027.9,24.18,55.03,0.0,15.28,22.93,63.71,1031.92,23.96,12.66,0.0,26.15,53.12,0.12,37.12,22.12,Humid/Swing,Completed,1
980,SCG (Sydney),2020-11-17,ODI,monsoon,14.87,63.73,1020.7,75.66,28.98,6.48,13.56,17.69,55.32,1022.51,72.27,13.82,0.0,20.14,57.13,0.0,35.15,75.99,Flat/Batting,Completed,1
981,Kolkata (Eden Gardens),2024-07-17,T20,monsoon,26.38,72.66,1013.79,2.13,77.12,6.6,12.72,31.7,64.21,1014.32,0.0,88.83,0.0,32.82,63.25,44.35,65.86,2.58,Humid/Swing,Abandoned,0
982,MCG (Melbourne),2018-01-22,Test,summer,20.56,57.01,1027.98,27.51,47.42,0.0,16.26,24.95,58.33,1026.79,27.45,58.49,0.0,26.63,52.36,0.0,41.0,26.16,Flat/Batting,Completed,1
983,Chennai (Chepauk),2018-09-16,Test,monsoon,24.33,74.39,1007.71,5.18,35.21,0.0,14.09,26.44,63.78,1004.49,1.04,55.98,14.59,29.92,65.48,33.66,30.12,5.47,Humid/Swing,Rain Interrupted,0
984,Cape Town (Newlands),2020-02-23,T20,summer,26.87,60.23,1014.7,5.54,38.14,4.1,14.74,28.96,56.36,1008.0,8.95,54.17,0.0,32.36,52.88,8.74,40.27,8.55,Flat/Batting,Completed,1
985,Bengaluru (Chinnaswamy),2023-01-22,Test,winter,20.82,63.61,1011.54,31.57,45.38,0.0,15.81,25.04,51.64,1014.18,33.77,20.54,8.64,26.2,56.64,21.11,44.54,30.46,Flat/Batting,Rain Interrupted,0
986,Mumbai (Wankhede),2023-04-06,ODI,summer,26.08,75.62,1016.36,13.06,46.67,0.0,14.01,28.65,79.38,1015.09,15.3,42.2,6.74,31.5,71.19,6.74,39.85,13.82,Humid/Swing,Completed,1
987,Bengaluru (Chinnaswamy),2021-05-14,T20,summer,21.33,65.86,1013.08,10.48,61.83,10.69,12.06,22.49,60.54,1014.23,18.25,41.49,0.0,26.07,56.44,13.14,59.89,11.84,Humid/Swing,Rain Interrupted,0
988,Delhi (Feroz Shah Kotla),2016-12-19,T20,winter,14.44,49.55,1007.34,12.8,36.38,8.86,14.1,18.01,37.42,1008.53,15.37,36.2,0.0,20.02,39.87,3.95,36.56,10.37,Flat/Batting,Rain Interrupted,0
989,Bridgetown (Kensington Oval),2019-07-19,ODI,monsoon,26.44,78.87,1018.7,13.1,63.05,8.57,12.22,27.65,73.93,1014.5,12.6,49.39,0.0,32.15,75.27,24.73,68.45,12.58,Humid/Swing,Rain Interrupted,0
990,SCG (Sydney),2018-09-05,Test,monsoon,13.77,63.25,1018.56,1.05,53.84,0.0,15.63,15.65,64.14,1015.41,5.46,42.76,0.0,19.35,55.97,0.0,38.64,1.41,Flat/Batting,Completed,1
991,The Oval (London),2022-07-04,Test,monsoon,7.22,78.64,1005.72,22.64,37.92,0.0,13.88,9.73,73.16,1005.45,27.4,11.61,0.0,13.16,69.19,15.76,33.77,21.05,Humid/Swing,Rain Interrupted,0
992,Kolkata (Eden Gardens),2016-07-29,ODI,monsoon,24.21,72.16,1018.54,4.08,64.14,19.95,8.96,27.51,68.89,1023.55,9.56,64.54,0.0,30.54,63.95,35.56,58.59,5.24,Wet/Green,Abandoned,0
993,Lords (London),2017-10-13,Test,monsoon,8.24,76.28,1010.68,14.23,56.14,4.44,13.22,10.2,83.98,1010.02,17.24,54.57,6.74,13.57,67.78,19.73,51.72,14.96,Humid/Swing,Rain Interrupted,0
994,Bengaluru (Chinnaswamy),2019-04-21,Test,summer,25.92,61.4,1013.42,0.27,32.63,1.56,15.7,31.44,57.37,1010.11,5.54,12.57,0.0,31.41,55.5,0.0,44.61,2.53,Flat/Batting,Completed,1
995,MCG (Melbourne),2023-06-15,ODI,winter,9.22,57.36,1019.68,3.27,52.19,0.0,15.98,11.9,55.21,1016.07,3.43,39.16,0.0,14.92,52.2,2.45,43.42,4.23,Flat/Batting,Completed,1
996,Lords (London),2018-05-21,T20,summer,21.65,78.78,1014.73,12.69,34.19,0.0,13.88,26.03,74.28,1011.0,11.64,56.94,0.0,27.17,69.02,2.37,46.98,12.72,Humid/Swing,Completed,1
997,Cape Town (Newlands),2021-06-04,Test,winter,6.59,57.88,1008.45,3.22,51.93,15.95,11.38,10.64,58.31,1007.99,0.39,62.3,0.0,12.51,50.87,6.32,57.83,2.05,Wet/Green,Rain Interrupted,0
998,Bengaluru (Chinnaswamy),2022-05-01,ODI,summer,25.53,62.78,1007.3,43.86,64.13,3.94,14.78,29.29,58.07,1003.79,43.34,39.03,13.5,30.39,57.72,18.36,58.32,44.2,Flat/Batting,Rain Interrupted,0
999,Cape Town (Newlands),2017-08-25,Test,winter,7.95,58.21,1013.03,1.64,68.68,6.99,14.12,11.14,45.12,1011.67,1.41,63.77,6.88,13.81,52.61,33.52,67.68,1.29,Flat/Batting,Abandoned,0
1000,Bridgetown (Kensington Oval),2016-04-29,ODI,summer,23.99,83.1,1020.94,4.61,37.31,0.0,13.68,25.85,70.12,1025.16,5.79,37.63,0.0,29.27,77.02,0.0,38.02,1.93,Humid/Swing,Completed,1
1001,Bengaluru (Chinnaswamy),2016-10-16,ODI,monsoon,19.78,61.91,1004.76,44.15,54.92,2.06,15.02,23.07,60.23,997.71,43.79,67.15,1.38,25.18,56.32,24.89,62.8,44.37,Flat/Batting,Abandoned,0
1002,Bridgetown (Kensington Oval),2020-08-20,T20,monsoon,21.48,81.18,1019.54,1.22,64.18,3.91,12.79,25.19,79.51,1015.07,0.79,17.88,0.0,26.91,75.84,14.07,53.24,1.26,Humid/Swing,Rain Interrupted,0
1003,Bengaluru (Chinnaswamy),2022-09-28,Test,monsoon,17.51,67.22,1024.3,4.15,65.94,15.99,11.99,17.93,51.52,1021.96,3.71,44.86,4.61,22.48,53.71,33.31,67.67,3.7,Wet/Green,Abandoned,0
1004,Bridgetown (Kensington Oval),2018-04-23,ODI,summer,26.96,80.83,1025.9,12.66,56.94,6.14,12.06,29.85,68.85,1027.94,11.72,43.25,0.0,32.29,73.97,3.91,36.29,11.5,Humid/Swing,Delayed Start,1
1005,Karachi (National Stadium),2017-06-23,Test,summer,29.01,71.31,1013.08,14.33,33.82,0.0,14.36,35.73,61.4,1016.27,11.93,72.53,0.0,36.2,61.65,0.94,31.89,12.59,Humid/Swing,Completed,1
1006,Kolkata (Eden Gardens),2020-05-12,Test,summer,26.64,75.7,1019.07,4.96,26.46,0.0,15.07,31.08,68.74,1023.37,5.3,83.12,0.0,32.16,63.53,0.0,34.14,4.63,Humid/Swing,Completed,1
1007,MCG (Melbourne),2023-05-21,T20,monsoon,14.22,58.46,1014.31,3.54,33.65,0.0,15.8,17.93,63.09,1015.57,8.4,46.59,0.0,20.71,51.49,12.33,43.94,3.09,Flat/Batting,Completed,1
1008,Lords (London),2019-08-31,T20,monsoon,15.29,72.87,1027.27,5.36,54.83,31.28,11.89,17.27,68.14,1020.23,3.28,21.72,4.8,20.48,67.17,4.8,34.52,4.63,Humid/Swing,Rain Interrupted,0
1009,SCG (Sydney),2020-04-12,T20,monsoon,16.5,65.62,1023.06,15.38,37.41,0.0,15.24,17.71,55.32,1021.37,17.24,64.32,0.0,21.91,54.25,0.82,36.53,18.15,Humid/Swing,Completed,1
1010,Bridgetown (Kensington Oval),2024-04-04,Test,summer,25.54,80.76,1022.51,15.33,41.87,0.0,14.94,25.02,79.0,1022.07,14.05,58.15,0.0,30.53,75.11,7.15,48.64,13.95,Humid/Swing,Completed,1
1011,Delhi (Feroz Shah Kotla),2022-08-18,T20,monsoon,26.98,48.9,994.03,5.76,45.58,11.53,12.66,27.02,42.09,993.02,5.15,58.44,0.0,32.05,40.19,6.39,63.28,7.63,Wet/Green,Completed,1
1012,Chennai (Chepauk),2020-11-22,ODI,monsoon,24.45,75.34,1001.2,1.88,51.9,5.8,12.54,27.69,72.08,1002.88,2.95,72.8,0.0,30.47,67.63,43.02,65.09,2.16,Humid/Swing,Abandoned,0
1013,SCG (Sydney),2022-11-22,ODI,monsoon,17.29,62.82,1009.45,49.02,42.72,5.86,14.14,19.94,61.44,1012.33,49.93,7.08,0.0,22.27,53.16,3.41,30.52,49.58,Flat/Batting,Completed,1
1014,Chennai (Chepauk),2021-04-29,Test,summer,33.2,76.84,1017.61,1.23,30.02,1.84,13.72,37.19,67.33,1013.94,0.0,44.55,0.0,38.56,66.58,0.0,37.94,0.54,Humid/Swing,Completed,1
1015,Mumbai (Wankhede),2024-04-17,T20,summer,30.42,75.09,1011.15,4.28,51.86,0.0,15.09,32.86,74.47,1005.71,3.84,16.71,0.43,36.34,72.53,0.43,34.05,4.4,Humid/Swing,Completed,1
1016,SCG (Sydney),2017-04-08,T20,monsoon,13.92,65.12,1007.09,1.26,22.17,0.0,15.93,16.96,63.53,1006.21,0.0,11.36,0.0,19.17,54.92,3.23,41.32,1.69,Humid/Swing,Completed,1
1017,SCG (Sydney),2016-09-05,Test,monsoon,13.65,64.86,1029.98,9.73,48.97,9.02,13.03,17.38,56.07,1028.59,11.76,13.2,0.0,18.23,56.66,4.79,40.21,9.94,Flat/Batting,Completed,1
1018,Lords (London),2024-07-31,T20,monsoon,15.28,79.91,1025.12,5.64,36.45,1.79,13.37,16.66,77.19,1024.03,9.63,50.95,0.0,19.72,68.97,1.72,42.03,4.85,Humid/Swing,Completed,1
1019,MCG (Melbourne),2016-04-21,T20,monsoon,16.88,60.62,1028.32,7.91,34.57,0.0,16.42,19.94,59.78,1029.4,6.9,39.56,0.14,22.76,49.43,19.19,42.31,8.82,Flat/Batting,Completed,1
1020,Delhi (Feroz Shah Kotla),2023-01-15,T20,winter,10.61,52.19,1017.23,12.39,43.16,0.0,17.24,10.67,43.29,1018.32,11.81,47.53,0.0,15.96,42.65,10.78,38.23,12.33,Flat/Batting,Completed,1
1021,MCG (Melbourne),2016-01-08,T20,summer,23.12,57.62,1019.97,7.3,36.62,0.0,15.97,26.58,61.07,1022.3,3.89,48.78,0.0,28.41,51.27,1.88,40.96,4.8,Flat/Batting,Completed,1
1022,MCG (Melbourne),2024-01-26,Test,summer,31.25,54.97,1011.78,6.05,39.58,0.0,15.74,32.27,56.08,1008.51,5.87,49.35,0.0,35.6,52.14,0.0,43.71,7.3,Flat/Batting,Completed,1
1023,MCG (Melbourne),2016-06-24,T20,winter,9.45,58.91,1019.13,18.81,25.86,5.23,14.31,13.7,61.18,1020.98,21.13,35.86,0.0,15.34,50.75,0.0,43.81,18.21,Flat/Batting,Delayed Start,1
1024,The Oval (London),2020-02-15,T20,winter,2.4,75.76,1011.48,6.6,51.29,29.73,9.67,5.01,69.5,1018.77,5.06,35.01,0.57,8.45,69.29,16.98,61.32,7.74,Humid/Swing,Abandoned,0
1025,Mumbai (Wankhede),2021-04-07,ODI,summer,28.6,79.38,997.12,10.01,34.9,0.0,14.0,30.53,62.3,994.36,9.5,42.4,0.0,34.35,66.37,10.35,30.92,8.75,Humid/Swing,Completed,1
1026,Bridgetown (Kensington Oval),2024-01-19,ODI,winter,20.21,80.08,1015.22,31.31,26.29,1.77,13.27,23.04,87.89,1012.81,33.1,47.42,0.0,25.44,77.11,3.47,40.08,31.25,Humid/Swing,Completed,1
1027,Cape Town (Newlands),2015-03-31,ODI,monsoon,18.28,58.82,1009.03,4.89,57.88,0.0,15.73,22.16,49.41,1012.13,5.92,27.3,3.97,22.92,50.6,3.97,28.48,5.09,Flat/Batting,Completed,1
1028,Bengaluru (Chinnaswamy),2024-02-27,Test,winter,15.33,64.04,1016.14,19.39,49.74,2.25,15.34,17.7,54.35,1018.01,21.21,48.6,0.0,20.2,56.5,0.0,37.51,20.5,Flat/Batting,Completed,1
1029,Cape Town (Newlands),2017-06-11,T20,winter,13.62,58.5,1007.29,16.03,46.43,20.83,13.48,16.36,56.94,1011.97,12.53,59.74,0.0,18.73,50.4,9.75,57.58,16.59,Flat/Batting,Rain Interrupted,0
1030,Chennai (Chepauk),2015-07-05,ODI,monsoon,23.2,72.4,1007.6,18.93,24.0,0.0,14.72,25.34,66.7,1008.01,20.37,23.02,0.0,28.4,65.02,0.0,40.51,19.29,Humid/Swing,Completed,1
1031,Lords (London),2022-11-08,Test,monsoon,8.09,76.14,1015.75,8.65,55.16,24.95,8.86,11.0,72.59,1013.43,5.18,72.01,2.48,13.05,69.8,23.2,60.08,6.86,Humid/Swing,Abandoned,0
1032,SCG (Sydney),2015-09-04,Test,monsoon,18.05,63.47,1017.27,21.76,37.45,0.0,15.78,18.81,59.51,1017.31,20.78,44.14,0.0,22.09,58.06,3.32,41.89,20.74,Flat/Batting,Completed,1
1033,MCG (Melbourne),2015-05-10,ODI,monsoon,16.17,55.42,1011.12,20.9,49.77,0.0,16.78,19.13,60.76,1005.83,16.87,71.0,0.0,21.8,50.81,5.15,38.36,20.49,Flat/Batting,Completed,1
1034,The Oval (London),2017-01-07,Test,winter,1.23,74.93,1011.34,10.66,57.76,8.89,11.91,4.42,76.98,1004.53,15.15,90.91,0.0,7.0,70.17,32.8,60.39,11.97,Humid/Swing,Abandoned,0
1035,Bridgetown (Kensington Oval),2023-03-07,T20,monsoon,25.41,75.91,1023.44,7.23,50.57,6.59,12.16,27.95,82.18,1019.18,7.07,52.96,0.0,29.78,73.97,2.48,34.81,7.59,Humid/Swing,Rain Interrupted,0
1036,The Oval (London),2019-03-14,ODI,monsoon,11.82,77.08,1021.6,4.7,34.4,0.0,14.51,15.31,77.46,1023.51,9.06,40.98,0.0,17.45,70.85,0.0,42.99,4.16,Humid/Swing,Completed,1
1037,MCG (Melbourne),2024-10-01,ODI,monsoon,17.71,58.61,1014.82,24.24,48.43,0.0,16.01,18.98,63.01,1014.46,21.7,21.59,0.0,22.94,52.75,0.0,36.85,23.76,Flat/Batting,Completed,1
1038,The Oval (London),2015-11-25,T20,monsoon,12.39,79.27,1020.22,26.67,56.25,12.13,10.15,16.06,69.43,1011.0,26.31,37.33,0.0,17.18,69.03,43.24,55.31,27.37,Humid/Swing,Abandoned,0
1039,Bridgetown (Kensington Oval),2024-10-22,T20,monsoon,23.54,82.11,1009.23,44.08,63.02,0.0,13.19,26.44,78.8,1007.12,41.71,66.92,0.0,28.82,75.58,23.49,63.69,43.15,Humid/Swing,Rain Interrupted,0
1040,Kolkata (Eden Gardens),2022-04-30,ODI,summer,26.57,71.95,1025.38,18.22,48.25,0.0,13.81,29.5,63.2,1018.63,23.81,28.86,0.0,31.1,61.79,5.89,42.54,21.43,Humid/Swing,Completed,1
1041,Chennai (Chepauk),2017-01-01,T20,winter,24.68,73.83,1015.61,23.55,33.45,0.0,14.43,27.69,67.65,1018.78,22.43,65.1,0.0,29.41,67.26,4.12,35.06,22.64,Humid/Swing,Completed,1
1042,The Oval (London),2020-12-06,Test,winter,4.33,77.09,1016.25,13.71,66.36,10.39,10.62,6.45,76.91,1017.08,13.16,59.57,0.0,9.35,69.44,16.07,51.28,14.72,Wet/Green,Rain Interrupted,0
1043,Cape Town (Newlands),2017-07-01,Test,winter,10.22,64.23,990.6,2.02,61.61,24.22,8.7,13.19,56.02,992.02,7.61,53.64,0.0,15.77,48.93,9.36,57.1,2.27,Wet/Green,Rain Interrupted,0
1044,Mumbai (Wankhede),2018-05-07,ODI,summer,28.12,77.6,1026.0,27.24,47.59,9.84,11.52,33.46,75.2,1027.41,27.65,18.85,0.0,34.09,67.57,0.56,36.01,28.74,Humid/Swing,Completed,1
1045,Bridgetown (Kensington Oval),2023-01-24,T20,winter,21.95,81.92,1017.72,16.13,42.59,3.82,12.82,25.86,82.46,1021.68,18.39,28.33,0.0,27.0,73.65,11.32,38.91,16.58,Humid/Swing,Completed,1
1046,The Oval (London),2020-12-18,ODI,winter,4.62,77.0,1020.11,5.07,42.38,6.13,12.43,7.4,69.42,1018.21,4.62,46.4,0.0,9.89,69.15,14.48,55.94,6.56,Humid/Swing,Rain Interrupted,0
1047,Delhi (Feroz Shah Kotla),2017-10-10,ODI,monsoon,21.82,48.98,1009.02,13.59,34.41,2.82,16.02,28.63,34.74,1010.3,12.32,48.03,0.0,28.08,39.82,0.18,36.19,11.21,Flat/Batting,Completed,1
1048,Lords (London),2016-09-27,ODI,monsoon,13.5,74.64,1014.8,14.8,44.94,0.0,15.0,15.95,68.05,1012.33,10.93,42.14,3.72,18.89,67.75,8.24,49.06,16.61,Humid/Swing,Completed,1
1049,Delhi (Feroz Shah Kotla),2024-10-24,T20,monsoon,28.02,44.69,1015.89,2.51,48.42,0.0,17.11,30.31,47.99,1012.42,1.24,50.03,0.0,33.54,40.5,0.0,37.3,3.71,Flat/Batting,Completed,1
1050,Chennai (Chepauk),2015-05-12,T20,summer,35.06,70.86,995.2,7.28,46.88,0.0,14.55,38.89,69.31,997.16,3.94,8.42,0.0,40.85,65.49,0.0,35.11,7.6,Humid/Swing,Completed,1
1051,The Oval (London),2021-11-23,Test,monsoon,13.1,76.17,1012.44,13.53,64.2,19.65,12.87,15.61,75.28,1014.89,12.06,63.57,2.3,17.94,69.36,25.82,68.88,15.61,Humid/Swing,Rain Interrupted,0
1052,Delhi (Feroz Shah Kotla),2017-04-24,Test,summer,28.36,46.41,1022.81,11.02,49.61,0.0,18.13,34.17,48.28,1021.75,10.72,44.12,3.27,34.37,40.88,3.27,42.08,11.0,Flat/Batting,Completed,1
1053,Chennai (Chepauk),2021-08-29,Test,monsoon,27.97,76.16,1010.66,10.14,53.66,0.0,14.48,30.45,69.24,1011.35,13.0,64.29,0.0,34.5,68.06,0.02,34.33,11.91,Humid/Swing,Completed,1
1054,MCG (Melbourne),2021-09-14,T20,monsoon,13.12,60.05,1013.58,11.28,61.44,0.0,15.82,17.48,62.55,1009.19,10.88,68.51,10.59,18.9,50.94,21.36,51.19,10.31,Flat/Batting,Rain Interrupted,0
1055,Cape Town (Newlands),2024-10-12,Test,monsoon,18.91,56.82,1001.74,19.63,44.13,0.0,16.06,21.6,54.86,1005.37,20.37,18.11,0.0,24.44,52.77,0.0,39.91,18.55,Flat/Batting,Completed,1
1056,Delhi (Feroz Shah Kotla),2023-04-22,Test,summer,32.65,49.84,1009.32,2.15,53.89,0.0,16.85,36.44,37.43,1011.26,0.44,16.62,0.0,37.85,39.81,0.0,46.47,0.74,Flat/Batting,Completed,1
1057,The Oval (London),2019-12-03,Test,winter,4.38,78.25,999.33,3.05,60.63,5.15,12.3,8.83,72.24,1000.73,0.0,50.94,0.0,10.08,66.59,8.54,62.93,2.37,Humid/Swing,Rain Interrupted,0
1058,SCG (Sydney),2017-06-08,Test,winter,11.78,63.43,1013.78,28.19,53.9,0.0,16.04,15.15,62.84,1010.24,24.11,90.64,0.0,17.8,56.56,46.38,71.81,26.04,Flat/Batting,Abandoned,0
1059,Kolkata (Eden Gardens),2020-08-25,ODI,monsoon,29.73,73.9,1023.92,16.49,64.42,3.92,13.83,34.22,79.17,1022.39,11.2,36.27,1.2,36.2,63.66,19.2,54.24,15.27,Humid/Swing,Rain Interrupted,0
1060,Delhi (Feroz Shah Kotla),2024-02-24,T20,winter,5.72,49.73,1001.09,7.4,56.25,0.24,16.86,7.89,46.54,1002.5,9.28,40.94,0.0,11.52,43.73,1.63,44.74,7.07,Flat/Batting,Completed,1
1061,Karachi (National Stadium),2018-07-30,T20,monsoon,25.82,64.7,1027.02,3.11,65.12,6.12,13.08,30.49,66.08,1027.25,2.59,77.97,21.97,31.04,60.98,35.72,65.74,3.18,Flat/Batting,Abandoned,0
1062,Karachi (National Stadium),2023-08-31,T20,monsoon,33.14,69.98,1018.99,2.12,65.73,29.12,8.9,35.67,61.71,1019.34,0.0,72.6,6.97,38.71,58.58,34.77,56.98,1.58,Humid/Swing,Abandoned,0
1063,Lords (London),2017-08-28,ODI,monsoon,14.53,75.47,1014.77,13.6,50.31,0.0,13.84,15.93,71.05,1013.16,14.52,25.93,0.0,19.33,68.31,8.64,36.39,14.33,Humid/Swing,Completed,1
1064,Kolkata (Eden Gardens),2022-05-28,T20,summer,31.53,71.46,1013.79,4.67,47.31,8.09,12.79,34.18,60.04,1014.35,0.0,30.04,0.0,36.11,61.63,2.3,43.55,3.22,Humid/Swing,Completed,1
1065,Delhi (Feroz Shah Kotla),2019-08-21,ODI,monsoon,22.64,47.63,1017.61,10.5,45.27,18.59,10.93,26.24,51.16,1017.79,16.48,61.72,0.0,27.77,41.09,1.82,63.92,12.19,Flat/Batting,Rain Interrupted,0
1066,Bengaluru (Chinnaswamy),2015-09-07,T20,monsoon,21.79,65.11,1019.21,2.07,46.73,25.79,10.29,25.42,60.75,1017.53,2.79,58.77,0.0,26.84,57.03,28.03,50.97,3.19,Humid/Swing,Abandoned,0
1067,Karachi (National Stadium),2024-11-12,T20,monsoon,26.69,68.5,1012.57,17.28,51.69,4.18,13.67,27.93,59.25,1011.84,12.79,54.92,0.0,31.68,59.62,0.0,49.25,15.43,Humid/Swing,Completed,1
1068,Kolkata (Eden Gardens),2022-01-08,T20,winter,18.99,70.05,1014.41,2.63,55.4,2.69,14.26,22.77,69.86,1011.0,0.0,25.06,17.99,23.89,65.5,20.42,49.4,1.03,Humid/Swing,Rain Interrupted,0
1069,The Oval (London),2021-03-26,ODI,monsoon,12.74,75.59,996.64,7.76,26.99,0.0,15.19,12.56,72.15,1000.17,7.25,29.86,0.0,17.34,67.88,0.0,36.08,8.12,Humid/Swing,Completed,1
1070,Mumbai (Wankhede),2018-11-11,T20,monsoon,22.84,80.53,1014.78,7.0,31.75,0.0,13.67,26.0,71.79,1016.82,9.42,65.54,0.0,28.49,70.7,4.88,43.37,5.36,Humid/Swing,Completed,1
1071,Bridgetown (Kensington Oval),2019-04-11,T20,summer,23.2,81.59,1003.7,5.28,29.6,0.0,13.57,24.81,81.48,1005.7,4.66,3.08,0.0,28.92,75.67,0.0,41.53,6.94,Humid/Swing,Completed,1
1072,Lords (London),2022-10-23,ODI,monsoon,7.59,79.76,1010.98,14.19,71.99,5.57,11.43,9.5,83.6,1006.7,10.32,58.82,0.0,13.01,68.56,4.23,66.47,12.02,Humid/Swing,Rain Interrupted,0
1073,The Oval (London),2016-09-03,ODI,monsoon,14.19,78.66,1019.58,4.99,49.11,0.0,14.78,17.08,71.64,1018.39,7.8,65.39,0.0,19.29,65.97,0.07,46.22,4.97,Humid/Swing,Completed,1
1074,The Oval (London),2017-01-23,T20,winter,5.39,78.55,1007.92,1.71,51.0,0.0,14.09,7.7,72.88,997.01,0.0,62.42,0.0,10.56,67.23,24.5,71.81,1.28,Humid/Swing,Rain Interrupted,0
1075,MCG (Melbourne),2017-09-14,Test,monsoon,16.62,58.58,1016.92,4.68,58.17,3.46,15.5,20.24,56.68,1020.56,10.0,68.68,0.41,21.29,51.25,20.19,62.7,7.65,Flat/Batting,Rain Interrupted,0
1076,Bengaluru (Chinnaswamy),2024-08-13,T20,monsoon,21.28,60.82,1027.82,15.17,38.49,1.09,16.34,25.25,64.98,1024.05,14.91,24.27,0.0,26.55,57.32,0.0,39.14,15.94,Flat/Batting,Completed,1
1077,Kolkata (Eden Gardens),2024-01-14,ODI,winter,16.45,74.44,1008.09,5.25,49.96,0.0,14.73,18.7,64.9,1012.12,9.17,57.81,0.0,21.78,63.97,2.36,45.84,7.89,Humid/Swing,Completed,1
1078,Mumbai (Wankhede),2021-04-22,ODI,summer,25.68,78.65,1023.06,17.92,35.58,0.0,14.03,26.49,78.85,1019.68,22.72,5.28,0.0,30.6,72.66,8.49,40.19,19.24,Humid/Swing,Completed,1
1079,The Oval (London),2021-04-01,T20,summer,16.65,74.37,1020.5,3.29,50.66,1.71,14.29,19.08,71.86,1023.03,2.05,73.15,0.0,22.1,68.64,0.0,31.76,1.57,Humid/Swing,Completed,1
1080,Kolkata (Eden Gardens),2019-05-10,Test,summer,27.06,70.62,1012.95,11.87,47.34,3.6,14.05,28.15,59.01,1011.61,10.8,49.74,0.0,32.74,62.66,5.49,38.65,12.74,Humid/Swing,Completed,1
1081,Bengaluru (Chinnaswamy),2017-04-12,ODI,summer,21.94,66.76,1014.79,21.82,57.37,3.3,15.31,26.17,67.21,1016.1,22.24,24.36,0.0,27.54,58.41,9.25,34.38,22.3,Humid/Swing,Completed,1
1082,Bridgetown (Kensington Oval),2015-11-20,ODI,monsoon,26.01,83.88,1001.1,11.57,64.94,14.96,10.81,29.38,73.04,1004.29,13.9,49.53,0.0,31.97,73.64,28.09,67.92,11.38,Wet/Green,Rain Interrupted,0
1083,Lords (London),2016-01-14,T20,winter,0.34,74.98,1001.94,8.8,63.5,6.1,11.68,1.54,69.54,1000.57,10.63,66.43,0.0,5.86,67.83,39.05,62.8,6.57,Humid/Swing,Abandoned,0
1084,Cape Town (Newlands),2024-04-20,Test,monsoon,14.45,56.53,1018.33,5.67,44.18,1.88,14.97,18.37,51.66,1015.75,1.31,34.28,0.0,20.64,52.74,34.75,36.43,3.77,Flat/Batting,Rain Interrupted,0
1085,Mumbai (Wankhede),2018-01-04,ODI,winter,25.05,79.69,1018.81,3.51,45.71,5.47,12.42,25.25,71.03,1012.12,0.0,47.29,0.0,29.67,73.45,4.43,40.43,3.57,Humid/Swing,Completed,1
1086,Bridgetown (Kensington Oval),2021-10-13,T20,monsoon,23.57,84.04,1015.72,15.39,58.87,8.28,10.76,26.31,69.47,1017.5,9.86,52.26,0.0,28.42,73.7,30.78,60.05,13.09,Humid/Swing,Rain Interrupted,0
1087,Mumbai (Wankhede),2024-10-18,Test,monsoon,22.46,77.49,1026.24,6.96,41.43,6.23,12.31,23.62,71.64,1025.23,7.72,25.71,0.0,28.8,71.27,0.67,44.29,7.66,Humid/Swing,Delayed Start,1
1088,Delhi (Feroz Shah Kotla),2024-01-09,T20,winter,7.69,54.94,1000.58,0.88,41.93,10.21,13.86,9.66,43.3,999.64,4.33,54.08,0.0,13.45,37.62,0.73,40.74,1.86,Flat/Batting,Completed,1
1089,Cape Town (Newlands),2022-07-13,T20,winter,13.75,62.4,1012.37,5.99,53.02,15.66,12.35,18.16,55.49,1012.31,8.15,37.42,0.0,19.62,52.56,25.38,56.01,4.29,Wet/Green,Rain Interrupted,0
1090,Delhi (Feroz Shah Kotla),2020-05-17,Test,summer,32.26,49.28,1010.88,31.82,49.61,4.71,15.31,33.4,44.51,1009.57,32.54,38.3,0.0,36.61,39.95,8.61,39.42,33.56,Flat/Batting,Rain Interrupted,0
1091,Lords (London),2018-05-26,Test,summer,21.05,74.78,997.16,9.3,47.73,0.0,15.02,24.49,63.99,992.87,12.45,18.72,0.0,26.4,67.51,0.0,32.2,9.36,Humid/Swing,Completed,1
1092,Delhi (Feroz Shah Kotla),2017-02-17,T20,winter,15.07,48.8,1021.73,1.12,30.34,12.99,12.99,17.25,43.37,1026.71,3.83,22.5,0.0,20.16,38.85,0.0,38.31,3.25,Flat/Batting,Delayed Start,1
1093,Chennai (Chepauk),2023-05-18,ODI,summer,31.63,73.49,996.73,5.8,41.91,0.0,14.79,37.32,67.67,993.0,5.35,36.33,0.0,38.06,65.54,3.79,37.53,5.23,Humid/Swing,Completed,1
1094,Delhi (Feroz Shah Kotla),2022-10-20,T20,monsoon,29.34,48.27,1005.95,6.18,23.22,0.0,17.55,30.94,40.57,1004.33,4.89,42.77,0.0,33.52,42.13,3.02,45.81,3.88,Flat/Batting,Rain Interrupted,0
1095,Cape Town (Newlands),2017-04-17,ODI,monsoon,16.46,54.95,995.38,1.15,48.18,0.0,16.62,17.18,61.88,1000.53,2.27,37.48,0.0,20.42,54.44,0.0,41.49,0.69,Flat/Batting,Completed,1
1096,Delhi (Feroz Shah Kotla),2021-03-11,ODI,monsoon,22.12,53.06,999.98,6.64,35.79,0.0,16.96,26.4,45.7,999.46,4.57,33.76,0.0,28.12,40.8,0.0,49.99,5.18,Flat/Batting,Completed,1
1097,Bengaluru (Chinnaswamy),2019-04-09,ODI,summer,25.83,65.71,1024.85,9.65,36.71,13.36,11.68,31.16,59.69,1026.63,14.23,72.28,0.0,32.07,55.06,0.48,34.44,12.57,Humid/Swing,Completed,1
1098,SCG (Sydney),2022-04-11,ODI,monsoon,17.76,64.32,1014.92,12.63,34.26,0.0,15.94,22.35,56.17,1016.29,14.84,54.21,8.57,24.26,57.49,8.57,34.16,13.63,Flat/Batting,Completed,1
1099,Bengaluru (Chinnaswamy),2017-12-07,ODI,winter,14.86,65.06,1001.4,7.61,42.3,1.86,14.99,19.44,67.83,1005.17,9.24,39.77,0.0,20.39,56.88,8.03,31.72,8.57,Humid/Swing,Completed,1
1100,SCG (Sydney),2024-11-24,ODI,monsoon,21.22,65.21,1008.43,38.91,52.86,0.0,15.19,25.7,53.69,1009.32,39.23,45.31,0.0,26.34,54.78,1.92,32.98,40.21,Humid/Swing,Completed,1
1101,MCG (Melbourne),2016-02-08,T20,summer,30.6,64.11,1009.65,13.54,46.51,9.95,13.33,34.06,47.71,1010.39,22.81,63.26,0.0,36.07,49.55,7.44,45.67,14.4,Flat/Batting,Rain Interrupted,0
1102,MCG (Melbourne),2023-07-17,ODI,winter,6.5,58.42,1016.97,37.4,74.7,3.89,14.47,8.77,58.08,1014.03,40.19,45.3,0.0,12.08,53.89,7.57,68.89,39.42,Flat/Batting,Completed,1
1103,Delhi (Feroz Shah Kotla),2019-02-27,ODI,winter,3.19,49.76,1016.43,1.71,50.6,0.0,16.46,9.56,48.8,1017.35,0.81,76.87,0.0,10.1,41.73,9.16,39.51,0.87,Flat/Batting,Completed,1
1104,The Oval (London),2015-07-07,T20,monsoon,15.17,82.81,1004.05,4.04,35.41,0.0,13.92,20.08,78.35,1001.91,0.04,15.93,0.0,21.29,70.14,11.55,38.94,3.04,Humid/Swing,Completed,1
1105,Delhi (Feroz Shah Kotla),2023-04-25,Test,summer,33.03,51.81,1016.95,6.14,37.51,0.0,17.39,35.05,42.2,1019.76,8.93,81.33,0.0,38.55,42.55,1.3,36.44,7.85,Flat/Batting,Completed,1
1106,Mumbai (Wankhede),2017-12-04,T20,winter,19.24,80.68,1017.67,25.02,54.24,0.0,14.84,20.42,69.24,1018.35,24.69,21.99,0.0,24.97,70.65,1.93,43.57,25.28,Humid/Swing,Completed,1
1107,Karachi (National Stadium),2021-06-30,T20,summer,36.25,68.81,1006.89,9.39,42.46,5.66,13.34,38.12,67.94,1012.85,2.18,21.75,0.0,41.64,61.28,0.0,34.51,9.43,Humid/Swing,Completed,1
1108,The Oval (London),2018-04-24,Test,summer,12.98,78.1,1025.11,3.24,45.4,0.0,13.84,14.24,78.49,1023.06,1.5,26.21,0.0,18.29,71.09,0.14,33.96,5.05,Humid/Swing,Completed,1
1109,Delhi (Feroz Shah Kotla),2018-09-13,Test,monsoon,31.02,49.45,1019.14,2.1,54.89,0.0,16.85,35.66,41.78,1017.2,4.89,41.57,0.0,36.26,40.15,0.0,40.27,1.84,Flat/Batting,Completed,1
1110,The Oval (London),2021-05-22,Test,summer,13.69,77.12,999.31,11.94,57.6,1.77,13.81,16.43,78.85,1003.55,13.94,64.03,0.0,18.72,68.99,0.0,36.23,13.7,Humid/Swing,Completed,1
1111,MCG (Melbourne),2021-03-05,T20,monsoon,14.08,62.61,1005.06,29.45,48.15,6.11,14.24,16.17,50.63,1009.12,31.65,69.03,0.0,18.77,50.38,1.36,37.56,29.42,Flat/Batting,Completed,1
1112,Bridgetown (Kensington Oval),2018-10-14,ODI,monsoon,23.41,81.8,1011.47,14.44,69.26,11.49,10.52,24.59,69.78,1008.67,13.63,46.96,0.0,27.39,71.48,23.57,53.38,13.0,Wet/Green,Rain Interrupted,0
1113,MCG (Melbourne),2023-02-11,T20,summer,28.42,59.38,986.2,14.74,39.46,2.12,15.25,30.76,60.14,988.53,13.54,40.33,0.0,33.26,52.3,0.59,43.03,15.82,Flat/Batting,Completed,1
1114,Cape Town (Newlands),2020-07-02,ODI,winter,11.07,59.73,1006.6,5.45,71.23,14.26,13.89,13.7,62.0,1008.54,8.28,69.83,0.0,15.26,49.2,19.53,62.02,8.13,Flat/Batting,Abandoned,0
1115,Kolkata (Eden Gardens),2023-03-21,ODI,monsoon,26.51,73.12,1011.71,0.58,45.26,0.63,14.39,31.77,61.76,1012.74,6.11,48.5,0.0,32.5,64.39,0.0,34.45,4.4,Humid/Swing,Completed,1
1116,Kolkata (Eden Gardens),2016-07-27,T20,monsoon,24.46,75.14,1009.56,2.42,55.26,4.65,13.46,26.92,76.78,1005.26,0.18,78.16,16.57,29.8,65.78,69.92,68.02,1.84,Humid/Swing,Abandoned,0
1117,SCG (Sydney),2020-06-23,Test,winter,10.54,63.48,1025.01,9.35,65.02,8.43,13.16,12.36,58.74,1027.39,6.98,46.43,0.0,15.47,56.04,8.59,56.49,8.3,Flat/Batting,Rain Interrupted,0
1118,SCG (Sydney),2022-03-13,Test,monsoon,20.34,60.69,1020.26,15.64,39.76,0.0,16.04,23.53,65.77,1022.61,11.05,16.69,0.0,26.17,54.34,14.92,45.0,10.77,Flat/Batting,Completed,1
1119,SCG (Sydney),2015-05-19,Test,monsoon,16.66,64.83,1023.76,3.03,44.48,0.0,15.78,20.17,52.07,1022.85,0.22,37.75,0.0,22.32,56.93,2.72,34.16,2.95,Flat/Batting,Completed,1
1120,Bridgetown (Kensington Oval),2015-07-18,Test,monsoon,21.92,80.73,1017.87,1.62,50.57,4.81,11.23,26.09,75.52,1020.48,5.64,53.89,6.84,27.37,72.2,21.55,64.88,4.82,Humid/Swing,Abandoned,0
1121,The Oval (London),2016-07-17,T20,monsoon,13.62,78.09,1002.09,38.68,47.06,16.84,11.82,17.27,67.54,998.32,37.41,42.17,0.0,18.81,66.02,0.0,47.96,39.79,Humid/Swing,Completed,1
1122,Delhi (Feroz Shah Kotla),2015-10-06,T20,monsoon,25.79,49.29,1009.99,2.03,42.68,6.02,15.45,30.31,44.12,1008.98,2.15,2.74,0.0,32.0,40.59,1.47,46.7,3.99,Flat/Batting,Completed,1
1123,Kolkata (Eden Gardens),2015-02-07,Test,winter,15.02,72.39,1015.84,3.94,37.8,6.34,12.72,19.21,57.51,1015.23,9.92,31.23,0.0,19.89,62.41,0.0,44.48,4.97,Humid/Swing,Completed,1
1124,SCG (Sydney),2020-02-11,ODI,summer,25.55,63.26,997.1,8.12,40.35,0.0,15.9,28.42,65.18,999.43,7.73,22.31,0.0,31.68,52.8,0.0,49.47,7.96,Flat/Batting,Completed,1
1125,Mumbai (Wankhede),2021-12-05,T20,winter,20.07,81.33,998.14,21.09,43.93,2.7,13.16,24.79,83.07,997.16,24.35,72.56,0.0,26.05,69.18,3.95,43.12,22.51,Humid/Swing,Completed,1
1126,Bridgetown (Kensington Oval),2021-11-30,ODI,monsoon,25.08,81.01,1013.42,11.26,78.73,24.56,8.53,27.62,78.37,1014.67,13.9,30.32,2.47,31.1,76.71,21.5,64.22,10.6,Wet/Green,Abandoned,0
1127,Bridgetown (Kensington Oval),2020-06-21,Test,summer,25.26,79.67,1010.84,19.57,49.05,17.68,10.98,28.25,83.69,1010.96,23.38,16.64,7.82,30.98,73.49,49.0,41.09,20.92,Humid/Swing,Abandoned,0
1128,Mumbai (Wankhede),2020-12-19,T20,winter,18.01,77.17,1014.93,35.14,44.24,0.0,14.23,19.77,69.92,1011.84,34.75,56.99,0.0,23.37,68.23,3.11,42.64,33.93,Humid/Swing,Completed,1
1129,The Oval (London),2015-02-18,Test,winter,4.77,77.98,1013.32,3.18,50.82,23.22,9.6,7.53,76.75,1018.65,3.65,61.3,0.0,10.47,65.92,10.02,65.09,4.51,Humid/Swing,Rain Interrupted,0
1130,SCG (Sydney),2023-02-06,ODI,summer,20.38,65.9,1003.77,18.7,34.91,3.48,14.14,23.44,59.77,1003.07,12.18,39.56,0.0,25.73,54.2,0.0,33.5,18.2,Humid/Swing,Completed,1
1131,SCG (Sydney),2018-03-20,Test,monsoon,16.71,62.32,1017.77,5.13,54.19,0.0,15.83,19.23,54.39,1019.83,4.37,24.88,0.0,22.0,55.52,3.46,36.83,6.84,Flat/Batting,Completed,1
1132,SCG (Sydney),2024-02-13,T20,summer,25.3,65.38,1004.12,15.86,29.98,0.0,14.82,28.63,63.65,1005.28,22.54,29.5,0.0,30.55,56.71,4.74,35.72,16.5,Humid/Swing,Completed,1
1133,Bridgetown (Kensington Oval),2019-10-30,Test,monsoon,22.2,82.96,1007.46,1.41,55.21,13.4,9.67,22.22,83.21,1009.14,0.0,35.6,9.32,26.13,73.84,25.93,59.44,0.94,Wet/Green,Rain Interrupted,0
1134,Chennai (Chepauk),2016-01-30,T20,winter,27.28,73.1,1006.41,4.55,45.42,0.0,14.27,29.62,65.99,1010.41,0.17,45.79,0.0,32.57,64.94,0.0,42.85,4.66,Humid/Swing,Completed,1
1135,Kolkata (Eden Gardens),2017-09-14,Test,monsoon,24.34,74.21,1014.92,8.36,38.98,0.0,13.99,26.02,66.15,1017.3,3.31,7.49,0.0,29.65,63.95,0.0,37.84,7.15,Humid/Swing,Completed,1
1136,Karachi (National Stadium),2020-11-26,ODI,monsoon,25.32,70.05,1017.93,3.21,36.42,6.64,12.99,29.9,70.48,1012.85,3.7,29.61,0.0,31.38,62.33,0.0,37.11,2.56,Humid/Swing,Completed,1
1137,Lords (London),2017-12-30,ODI,winter,4.72,73.22,1011.76,17.44,67.27,22.25,8.93,7.72,65.44,1016.57,20.94,21.08,0.0,9.78,69.92,18.91,48.06,15.11,Wet/Green,Abandoned,0
1138,Chennai (Chepauk),2019-03-09,ODI,monsoon,20.82,69.39,1017.86,1.3,49.49,0.0,15.0,24.49,68.37,1025.93,1.85,48.72,0.0,27.15,65.53,5.84,39.43,1.43,Humid/Swing,Completed,1
1139,MCG (Melbourne),2021-05-03,Test,monsoon,14.62,58.18,1016.06,19.39,43.83,1.3,16.3,17.38,54.39,1010.85,19.76,46.96,0.0,19.12,52.46,0.0,40.82,20.0,Flat/Batting,Completed,1
1140,Cape Town (Newlands),2017-07-14,ODI,winter,11.04,61.17,1009.09,16.84,73.51,6.73,14.54,12.93,55.71,1009.02,22.41,64.47,14.97,15.9,52.43,33.42,44.95,15.85,Flat/Batting,Abandoned,0
1141,Bridgetown (Kensington Oval),2024-04-14,Test,summer,27.33,83.11,1017.15,25.46,40.87,2.52,12.37,31.4,78.55,1021.16,23.01,59.48,0.0,32.33,75.55,4.89,40.54,23.81,Humid/Swing,Completed,1
1142,Bridgetown (Kensington Oval),2024-08-16,T20,monsoon,25.16,82.33,1010.4,11.0,59.82,0.38,13.83,27.82,78.35,1014.17,11.35,33.91,7.52,30.59,70.43,17.86,57.73,10.33,Humid/Swing,Completed,1
1143,Mumbai (Wankhede),2016-01-18,ODI,winter,20.19,76.54,1002.79,34.55,44.2,0.0,13.62,22.37,68.07,1002.69,31.9,44.95,0.0,25.9,69.94,0.0,32.83,32.59,Humid/Swing,Completed,1
1144,The Oval (London),2019-03-25,T20,monsoon,11.02,77.16,1010.3,9.27,34.08,4.81,12.44,14.43,59.95,1008.8,12.15,22.17,0.0,17.34,69.03,0.0,36.7,8.96,Humid/Swing,Completed,1
1145,MCG (Melbourne),2015-08-18,T20,winter,5.59,59.77,1030.42,2.8,59.02,19.42,10.39,9.22,57.38,1035.36,0.0,92.36,0.0,10.9,50.9,18.42,72.82,1.91,Flat/Batting,Rain Interrupted,0
1146,Mumbai (Wankhede),2022-11-18,Test,monsoon,28.75,81.46,1016.34,8.5,29.98,0.0,13.36,32.04,80.15,1010.16,7.57,24.62,0.0,34.14,72.24,0.0,32.64,8.53,Humid/Swing,Completed,1
1147,Chennai (Chepauk),2020-08-09,ODI,monsoon,22.37,72.99,1030.7,39.86,35.99,2.37,13.98,25.22,66.09,1026.78,44.34,17.34,0.0,27.36,62.81,0.0,40.53,39.56,Humid/Swing,Completed,1
1148,Bridgetown (Kensington Oval),2023-10-18,ODI,monsoon,22.77,82.66,1006.8,3.75,72.46,15.79,9.67,22.6,71.84,1007.94,5.97,65.04,3.32,27.01,72.74,6.67,62.22,4.54,Humid/Swing,Rain Interrupted,0
1149,Karachi (National Stadium),2024-08-15,Test,monsoon,24.55,70.29,1021.34,14.53,56.43,25.71,7.63,28.97,59.15,1023.04,12.27,42.19,0.0,30.9,61.94,10.31,67.31,12.9,Humid/Swing,Abandoned,0
1150,SCG (Sydney),2015-06-24,Test,winter,14.51,61.56,1013.48,4.93,59.74,1.04,15.17,17.25,61.45,1010.16,1.58,47.54,9.5,19.68,57.15,13.84,53.27,1.82,Flat/Batting,Completed,1
1151,Delhi (Feroz Shah Kotla),2024-09-25,T20,monsoon,30.78,50.04,998.96,16.43,64.9,2.37,16.55,31.35,49.35,998.03,16.75,36.65,0.18,35.42,41.16,0.18,46.97,17.15,Flat/Batting,Completed,1
1152,Karachi (National Stadium),2020-05-01,ODI,summer,38.3,73.91,1013.24,26.71,39.39,0.0,14.21,42.32,69.14,1016.85,29.18,42.06,0.0,44.19,62.08,7.93,36.64,29.07,Humid/Swing,Completed,1
1153,Mumbai (Wankhede),2015-11-01,T20,monsoon,28.52,82.96,1014.62,1.06,36.03,0.0,13.91,32.08,74.45,1015.02,3.87,4.1,0.0,34.46,70.66,17.84,39.93,0.53,Humid/Swing,Completed,1
1154,Bengaluru (Chinnaswamy),2021-02-02,T20,winter,20.33,65.12,1011.86,32.68,35.75,0.0,15.71,26.09,55.97,1012.36,29.36,29.66,0.0,25.36,55.12,0.0,41.92,33.25,Humid/Swing,Completed,1
1155,Bridgetown (Kensington Oval),2015-05-15,Test,summer,27.9,80.04,1013.44,0.12,48.51,0.0,15.48,32.26,79.86,1011.21,0.0,39.66,0.0,34.28,74.52,7.71,44.39,0.93,Humid/Swing,Completed,1
1156,Lords (London),2015-03-06,Test,monsoon,12.67,75.06,1017.68,3.22,40.58,0.94,14.16,14.14,73.56,1018.85,2.58,19.03,0.0,17.74,69.2,4.54,25.93,4.34,Humid/Swing,Completed,1
1157,Karachi (National Stadium),2016-08-13,T20,monsoon,29.35,69.05,1010.36,5.78,57.31,6.31,13.0,31.68,65.98,1018.48,10.66,63.8,0.0,34.12,60.88,14.78,52.81,6.94,Humid/Swing,Rain Interrupted,0
1158,The Oval (London),2015-11-12,ODI,monsoon,10.87,77.68,1017.36,12.03,64.23,3.96,12.3,13.02,75.02,1012.06,14.64,49.57,0.0,15.76,69.8,14.77,51.82,13.83,Humid/Swing,Rain Interrupted,0
1159,Kolkata (Eden Gardens),2021-04-28,Test,summer,27.18,73.22,1010.09,20.09,38.1,1.55,14.5,29.97,70.44,1009.73,23.68,35.65,0.0,32.42,66.59,0.47,43.35,20.93,Humid/Swing,Rain Interrupted,0
1160,Karachi (National Stadium),2024-05-11,ODI,summer,28.19,68.83,1008.11,5.73,39.22,5.57,13.16,30.51,55.55,1007.63,7.7,66.06,0.0,33.44,59.16,11.73,40.43,4.5,Humid/Swing,Completed,1
1161,Bridgetown (Kensington Oval),2021-01-23,ODI,winter,23.83,81.91,1021.0,6.39,41.3,0.0,13.87,25.11,83.42,1022.28,9.24,25.93,0.0,29.09,73.94,22.87,43.2,7.5,Humid/Swing,Rain Interrupted,0
1162,The Oval (London),2023-06-22,T20,summer,15.63,77.05,1024.9,6.02,31.33,0.0,14.39,17.53,80.24,1020.15,4.55,63.53,0.0,20.84,69.47,0.0,33.6,5.25,Humid/Swing,Completed,1
1163,Kolkata (Eden Gardens),2023-11-12,T20,monsoon,24.88,70.86,1013.12,12.3,29.73,0.0,14.36,27.64,62.96,1012.38,14.64,59.37,0.0,29.88,62.79,0.34,48.26,13.93,Humid/Swing,Completed,1
1164,Cape Town (Newlands),2015-11-18,T20,monsoon,13.07,58.22,1006.9,25.11,32.75,16.82,12.76,15.94,52.06,1009.62,22.12,23.5,0.0,17.9,50.94,0.58,30.62,25.09,Flat/Batting,Completed,1
1165,Cape Town (Newlands),2018-11-17,Test,monsoon,19.82,59.02,1013.55,6.0,47.07,0.0,15.78,21.29,50.09,1011.91,5.52,59.89,0.0,24.99,49.79,0.0,37.85,5.42,Flat/Batting,Completed,1
1166,Chennai (Chepauk),2019-11-26,Test,monsoon,23.2,74.28,1027.27,9.72,48.41,0.0,14.21,26.7,74.2,1026.53,9.64,59.0,0.0,28.23,66.36,58.87,65.48,9.75,Humid/Swing,Abandoned,0
1167,Chennai (Chepauk),2018-10-27,T20,monsoon,21.53,69.73,1007.08,46.68,55.2,8.46,11.93,24.28,69.06,1016.5,51.54,58.03,1.23,27.48,64.17,30.42,55.78,47.61,Humid/Swing,Rain Interrupted,0
1168,Karachi (National Stadium),2021-09-05,ODI,monsoon,26.33,69.08,1005.76,12.96,42.06,11.68,12.39,28.96,67.22,1006.75,12.24,38.43,0.0,31.3,61.44,0.0,32.49,14.38,Wet/Green,Completed,1
1169,Lords (London),2015-05-02,T20,summer,17.74,77.31,1008.8,24.14,37.04,5.42,12.58,20.93,74.63,1011.44,21.04,64.52,0.0,23.29,67.43,4.18,48.67,23.94,Humid/Swing,Completed,1
1170,Bengaluru (Chinnaswamy),2023-10-15,ODI,monsoon,19.66,65.44,1011.97,7.09,56.04,17.28,12.39,22.1,51.72,1007.75,5.24,69.84,1.12,25.02,57.88,27.09,60.1,4.36,Wet/Green,Abandoned,0
1171,MCG (Melbourne),2017-07-23,ODI,winter,10.48,60.01,1003.17,5.13,64.46,12.45,13.2,11.35,61.15,1008.13,1.83,91.64,0.0,16.36,50.0,25.18,56.33,4.22,Wet/Green,Rain Interrupted,0
1172,SCG (Sydney),2019-03-18,ODI,monsoon,18.15,65.07,1006.54,1.85,43.66,20.99,13.61,20.25,54.84,1009.29,3.42,28.53,0.0,24.21,54.15,1.05,31.06,1.1,Wet/Green,Rain Interrupted,0
1173,Kolkata (Eden Gardens),2022-08-16,T20,monsoon,28.69,72.7,1017.46,14.56,50.04,1.5,13.89,33.04,64.2,1018.96,12.96,58.74,0.0,34.3,62.77,36.63,62.71,16.1,Humid/Swing,Rain Interrupted,0
1174,Bridgetown (Kensington Oval),2019-04-06,Test,summer,27.48,81.91,1002.58,17.62,32.39,9.74,11.64,28.99,77.16,1004.03,17.68,81.24,0.0,32.86,74.47,25.25,36.08,18.54,Humid/Swing,Rain Interrupted,0
1175,Karachi (National Stadium),2018-04-24,Test,summer,30.68,72.58,1022.53,2.13,42.63,0.0,15.04,34.96,72.51,1018.45,0.0,70.42,0.0,36.0,62.37,13.91,42.47,2.03,Humid/Swing,Completed,1
1176,Cape Town (Newlands),2015-10-29,Test,monsoon,18.46,58.0,1009.55,9.01,30.1,0.0,16.13,20.56,57.4,1007.74,8.49,52.38,0.0,24.57,49.45,3.97,32.9,8.37,Flat/Batting,Completed,1
1177,Bengaluru (Chinnaswamy),2016-09-23,ODI,monsoon,22.85,62.86,1016.74,19.19,53.68,19.11,11.53,25.53,62.54,1014.54,19.81,80.34,0.0,28.26,57.4,8.5,65.22,20.53,Wet/Green,Rain Interrupted,0
1178,Cape Town (Newlands),2023-10-16,T20,monsoon,14.23,61.55,1012.39,1.16,31.14,0.0,15.99,17.32,54.07,1015.11,1.67,34.31,0.0,19.65,52.65,9.67,40.38,1.17,Flat/Batting,Completed,1
1179,Kolkata (Eden Gardens),2023-04-18,ODI,summer,31.09,71.45,1013.44,7.9,36.21,0.0,15.02,34.55,75.4,1012.89,10.6,24.98,0.0,36.74,66.02,4.14,44.06,9.22,Humid/Swing,Completed,1
1180,Lords (London),2019-01-17,Test,winter,4.76,79.45,1015.77,23.86,60.88,13.96,9.46,7.28,77.53,1012.94,21.66,81.15,0.0,9.54,67.19,28.54,56.52,24.31,Humid/Swing,Abandoned,0
1181,Chennai (Chepauk),2015-01-22,ODI,winter,19.64,73.23,1009.96,11.77,43.24,0.0,13.91,22.02,76.33,1007.74,16.0,24.12,0.0,25.36,68.46,0.0,36.43,14.83,Humid/Swing,Completed,1
1182,MCG (Melbourne),2019-01-14,ODI,summer,30.25,61.05,1009.77,29.24,52.93,0.0,16.01,34.42,46.81,1012.2,34.96,15.74,0.19,36.81,49.9,0.19,41.88,31.83,Flat/Batting,Completed,1
1183,Chennai (Chepauk),2016-06-26,Test,summer,30.62,73.9,1008.6,0.81,47.38,5.76,12.62,34.19,73.43,1012.81,0.0,79.89,0.0,36.41,68.83,0.0,38.29,2.65,Humid/Swing,Completed,1
1184,Kolkata (Eden Gardens),2019-11-01,ODI,monsoon,31.45,72.95,1017.9,3.22,35.15,0.0,15.04,31.25,66.41,1016.52,3.03,13.97,0.0,37.0,63.14,7.8,32.23,6.03,Humid/Swing,Completed,1
1185,SCG (Sydney),2021-03-22,T20,monsoon,12.8,64.68,1009.0,5.14,32.62,0.0,14.96,15.78,50.16,1008.38,3.0,2.66,0.0,17.63,56.18,0.0,43.64,4.84,Flat/Batting,Completed,1
1186,The Oval (London),2016-02-28,Test,winter,2.77,76.22,1013.83,3.51,70.14,7.89,10.92,5.49,70.79,1021.56,5.82,20.34,4.06,7.81,68.54,7.66,57.43,5.31,Humid/Swing,Completed,1
1187,Chennai (Chepauk),2018-12-20,T20,winter,20.15,77.84,1011.42,3.08,57.62,0.0,14.06,22.12,71.3,1005.97,0.57,87.38,0.0,26.15,65.59,45.29,60.08,1.77,Humid/Swing,Abandoned,0
1188,Chennai (Chepauk),2021-09-11,T20,monsoon,29.4,72.72,1017.41,8.57,48.05,0.0,15.08,32.11,73.89,1018.23,3.05,58.77,0.0,35.38,69.33,21.2,43.58,6.27,Humid/Swing,Rain Interrupted,0
1189,Lords (London),2024-09-07,ODI,monsoon,12.21,80.81,1021.84,0.73,38.81,8.42,11.27,17.61,78.95,1026.25,0.0,55.73,0.0,17.99,68.46,0.0,33.08,1.54,Humid/Swing,Completed,1
1190,Mumbai (Wankhede),2018-04-10,ODI,summer,24.56,78.01,1005.41,6.36,33.51,0.0,13.68,28.53,73.99,1006.35,4.33,30.69,0.0,31.0,71.54,4.58,31.37,7.56,Humid/Swing,Completed,1
1191,The Oval (London),2023-09-27,Test,monsoon,11.41,77.32,1000.87,1.4,34.92,1.06,13.7,14.62,68.06,1000.14,0.0,72.82,0.0,16.51,67.03,0.0,33.78,1.56,Humid/Swing,Completed,1
1192,Cape Town (Newlands),2021-04-10,Test,monsoon,12.65,61.37,1026.46,25.34,35.25,0.0,16.47,14.95,55.98,1030.98,23.84,21.77,0.0,17.36,50.26,0.0,29.15,26.2,Flat/Batting,Completed,1
1193,Karachi (National Stadium),2020-11-04,Test,monsoon,25.6,72.25,1016.77,11.8,59.9,0.0,14.76,28.21,70.1,1016.7,8.02,46.2,0.0,31.82,62.26,12.0,38.08,11.59,Humid/Swing,Completed,1
1194,Bridgetown (Kensington Oval),2019-04-09,Test,summer,24.1,83.14,1015.88,10.73,51.15,0.0,14.57,26.44,87.32,1013.61,7.28,3.57,0.0,28.69,74.19,4.77,36.56,10.74,Humid/Swing,Completed,1
1195,Kolkata (Eden Gardens),2018-01-06,ODI,winter,15.4,73.3,1020.61,29.04,36.63,0.0,14.35,17.17,68.45,1026.96,26.97,48.4,0.0,19.64,63.14,1.2,37.28,27.74,Humid/Swing,Completed,1
1196,Bengaluru (Chinnaswamy),2020-07-12,Test,monsoon,21.46,61.99,1009.36,4.37,36.46,2.03,15.57,24.78,70.66,1017.82,6.44,21.0,0.0,26.85,58.43,5.53,35.87,6.0,Flat/Batting,Completed,1
1197,Chennai (Chepauk),2016-11-15,ODI,monsoon,26.44,75.6,1017.04,9.83,54.6,3.98,13.31,26.82,69.94,1015.31,12.57,89.83,0.0,31.28,67.23,12.86,59.02,9.56,Humid/Swing,Completed,1
1198,Bengaluru (Chinnaswamy),2019-09-21,ODI,monsoon,16.2,60.88,1004.11,3.3,66.92,7.48,13.2,20.46,62.32,1004.87,1.13,94.16,0.0,22.05,56.51,36.75,61.12,3.12,Flat/Batting,Abandoned,0
1199,MCG (Melbourne),2023-10-11,Test,monsoon,10.71,56.29,1025.96,9.67,36.74,0.0,16.64,13.71,48.2,1024.81,8.64,69.05,0.0,16.4,50.64,5.66,57.23,9.86,Flat/Batting,Completed,1
1200,Lords (London),2017-10-27,Test,monsoon,7.15,77.76,1015.58,36.53,72.26,42.04,9.3,9.55,67.62,1014.9,35.68,55.72,0.0,12.44,70.4,9.62,60.19,35.72,Wet/Green,Abandoned,0
